title,doi,abstract,journal,date,authors,year,keyword
IV. Prolapsus of the Rectum in Children.,10.1097/00000658-190001000-00028,,Annals of surgery,1900-03-01,['C GCumston'],1900.0,['hemorrhoids']
HEMIANOPSIA IN MIGRAINE.,10.1126/science.11.279.713-a,,"Science (New York, N.Y.)",1900-05-04,['J MBaldwin'],1900.0,['migraine']
An attempt to estimate fatigue of the cerebral cortex when caused by electrical excitation.,10.1113/jphysiol.1901.sp000832,,The Journal of physiology,1901-02-28,['A GLevy'],1901.0,['fatigue']
"VII. Report of a Case of Recovery after Abdominal Section for Multiple Gunshot Wounds of the Abdomen: Perforations of Liver, Gall-Bladder, Hepatic Flexure of Colon, Two of the Small Intestines, One of Rectum (Deep in Pelvis), with Active and Excessive Haemorrhage.",10.1097/00000658-190101000-00030,,Annals of surgery,1901-03-01,['FMartin'],1901.0,['hemorrhoids']
A further research into fatigue of the central nervous system when caused by electrical stimulation.,10.1113/jphysiol.1902.sp000895,,The Journal of physiology,1902-03-27,['A GLevy'],1902.0,['fatigue']
Fatigue in non-medullated nerves.,10.1113/jphysiol.1902.sp000908,,The Journal of physiology,1902-05-28,['T GBrodie'],1902.0,['fatigue']
Headache as a Symptom.,,,California state journal of medicine,1903-09-01,['H BEllis'],1903.0,['headache']
"The osmotic properties of muscle, and their modifications in fatigue and rigor.",10.1113/jphysiol.1904.sp001004,,The Journal of physiology,1904-02-25,['W MFletcher'],1904.0,['fatigue']
XVII. I. Hypernephroma of Kidney II. Fibro-Adenoma of Inner Wall of Ileum: A Clinical Report.,10.1097/00000658-190412000-00017,,Annals of surgery,1904-12-01,['F SWatson'],1904.0,['fibroadenoma']
THE EDITORSHIP OF THE ENGINEERING AND MINING JOURNAL.,10.1126/science.22.554.179,,"Science (New York, N.Y.)",1905-08-11,['R TH'],1905.0,['HRT']
V. The Radical Treatment of Cancer of the Rectum: With Particular Reference to the Value of Inguinal Colostomy.,10.1097/00000658-190509000-00005,,Annals of surgery,1905-09-01,['J AHartwell'],1905.0,['hemorrhoids']
"The Facial Expression of Violent Effort, Breathlessness, and Fatigue.",,,Journal of anatomy and physiology,1905-10-01,['R TM Kenzie'],1905.0,['fatigue']
VII. Extroversion of the Bladder: Relief by Transplantation of the Bladder into the Rectum.,10.1097/00000658-190602000-00007,,Annals of surgery,1906-02-01,['B GMoynihan'],1906.0,['hemorrhoids']
"X. Practical Points in the Surgery of the Large Bowel, Exclusive of the Rectum with Illustrative Cases.",10.1097/00000658-190603000-00010,,Annals of surgery,1906-03-01,['C BNancrède'],1906.0,['hemorrhoids']
On the relation of nerve cells to fatigue of their nerve fibres.,10.1113/jphysiol.1906.sp001147,,The Journal of physiology,1906-03-13,['F HScott'],1906.0,['fatigue']
XII. Individual Excision and Suture in Operating for the Removal of Hemorrhoids.,10.1097/00000658-190608000-00012,,Annals of surgery,1906-08-01,['L SPilcher'],1906.0,['hemorrhoids']
Removal of Hemorrhoids by Excision and Suture.,,,Annals of surgery,1906-09-01,['RDouglas'],1906.0,['hemorrhoids']
Treatment of a Few Diseases of the Rectum by the General Practitioner.,,,California state journal of medicine,1907-03-01,['I CYoung'],1907.0,['hemorrhoids']
Wave-like variations in muscular fatigue curves.,10.1113/jphysiol.1908.sp001237,,The Journal of physiology,1908-02-28,['C TSymons'],1908.0,['fatigue']
XI. Excision of Carcinoma of the Rectum by the Combined Method: With Report of Three Cases.,10.1097/00000658-190807000-00012,,Annals of surgery,1908-07-01,['J ABlake'],1908.0,['hemorrhoids']
The Form of the Rectum.,,,Journal of anatomy and physiology,1909-01-01,['A MPaterson'],1909.0,['hemorrhoids']
XI. An Apparatus for the Introduction of Salines into the Rectum.,10.1097/00000658-190903000-00011,,Annals of surgery,1909-03-01,['G JSaxon'],1909.0,['hemorrhoids']
DANGEROUS DRUGS IN HEADACHE MEDICINES.,,,California state journal of medicine,1909-09-01,[],1909.0,['headache']
"The Eye as a Causative Factor in Chronic Headaches with Reference to the Ear, Nose and Throat.",,,California state journal of medicine,1909-11-01,['W SFranklin'],1909.0,['headache']
The Medical Side of Headache.,,,California state journal of medicine,1909-11-01,['J WShiels'],1909.0,['headache']
Headache-A Symptom and Its Significance.,,,California state journal of medicine,1909-11-01,['F WMiller'],1909.0,['headache']
VIII. Some Considerations upon High Amputation of the Rectum.,10.1097/00000658-190912000-00008,,Annals of surgery,1909-12-01,['HHartmann'],1909.0,['hemorrhoids']
IX. Excision of the Rectum for Cancer by the Perineal Route.,10.1097/00000658-191002000-00009,,Annals of surgery,1910-02-01,['C HPeck'],1910.0,['hemorrhoids']
VIII. A Method of Anastomosis between Sigmoid and Rectum.,10.1097/00000658-191002000-00008,,Annals of surgery,1910-02-01,['D CBalfour'],1910.0,['hemorrhoids']
V. Infections of the Urinary Tract due to Bacillus Coli and Allied Organisms: Further Observations on the Treatment of Acute and Chronic Conditions.,10.1097/00000658-191003000-00006,,Annals of surgery,1910-03-01,"['L SDudgeon', 'ARoss']",1910.0,['urinary tract infection']
XII. Removal of the Rectum for Cancer: Statistical Report of 120 Cases.,10.1097/00000658-191006000-00012,,Annals of surgery,1910-06-01,['W JMayo'],1910.0,['hemorrhoids']
Prolonged Dilatation for Dysmenorrhea.,,,California state journal of medicine,1910-07-01,['G BSomers'],1910.0,['dysmenorrhea']
Report of a Case of Sick-Headache.,,,California state journal of medicine,1910-08-01,['F WBirtch'],1910.0,['headache']
XII. The Rectosigmoidal Arterial Anastomosis: Its Importance in the Treatment of Carcinoma High in the Rectum.,10.1097/00000658-191010000-00012,,Annals of surgery,1910-10-01,['C BDavis'],1910.0,['hemorrhoids']
"XI. Resection of the Male Rectum for Cancer, by the Combined Method in Two Stages: First Stage Under Spinal Anaesthesia.",10.1097/00000658-191012000-00011,,Annals of surgery,1910-12-01,['W CLusk'],1910.0,['hemorrhoids']
An inquiry into some chemical factors of fatigue.,10.1113/jphysiol.1910.sp001404,,The Journal of physiology,1910-12-31,['WBurridge'],1910.0,['fatigue']
"VII. Diverticulitis of the Rectum: A Report of Two Cases Operated Upon, One of them with Carcinomatous Degeneration.",10.1097/00000658-191104000-00007,,Annals of surgery,1911-04-01,['H ZGiffin'],1911.0,['hemorrhoids']
Tuberculous Ulceration of the Rectum.,,,California state journal of medicine,1911-05-01,['W HKiger'],1911.0,['hemorrhoids']
Clinical Observations on Migraine.,,,California state journal of medicine,1911-09-01,['H CMoffitt'],1911.0,['migraine']
The Significance of Pelvic Pain.,,,California state journal of medicine,1911-12-01,['R LWilbur'],1911.0,['pelvic pain']
Further Observations on the Rectum and Anal Canal.,,,Journal of anatomy and physiology,1912-04-01,['JSymington'],1912.0,['hemorrhoids']
III. The Radical Operation for the Relief of Cancer of the Rectum and Rectosigmoid.,10.1097/00000658-191208000-00003,,Annals of surgery,1912-08-01,['W JMayo'],1912.0,['hemorrhoids']
THE EFFECTS OF TEMPERATURE AND HUMIDITY ON FATIGUE.,10.2105/ajph.2.11.863,,"American journal of public health (New York, N.Y. : 1912)",1912-11-01,['F SLee'],1912.0,['fatigue']
[Concerning premenstrual increases in temperature].,,"This study concerns the cyclic temperature pattern of sexually mature women and studies normal temperature fluctuations during menstruation, pregnancy, puerperium, and lactation. The study subjects were taken from a delivery room, from private practice, and from febrile women in a tuberculosis sanitorium. Temperature was determined rectally with calibrated thermometers. Early morning temperature represents minimum terperature, maximum terperature was taken between 4 and 6 PM. A typical male temperature curve shows a constant daily fluctuation of about 0.9 degrees Celsius between minimum and maximum from early childhood till old age. Prepubertal girls show this same temperature curve. After puberty the woman's temperature curve becomes cyclic and shows 2 distinct patterns: postmenstrual pattern with low AM temperature (36.8 degrees), average maximum temperature and significant daily fluctuations (0.8-0.9 degrees), and premenstrual temperature with increased AM temperatures (36.9-37.1 degrees), proportionally increased maximum temperature and smaller daily fluctuations (0.5-0.7 degrees). The 1st pregnancy trimester shows a premenstrual pattern followed by a postmenstrual pattern for the rest of pregnancy. Temperature in puerperium is higher in AM, lower in PM than in pregnancy, with diurnal variations less in days 2-5 than after day 5. Temperature curve in lactation shows a postmenstrual pattern; the nonlactating woman soon reverts to the cyclic menstrual pattern. After climacteric the temperature pattern becomes once again prepubertal after an intial irregualr transitional pattern. The causes of these fluctuations are sought in various metabolic activities of the ovary. The corpus luteum, the ovum, the uterus, carbohydrates, and/or proteins. Various animal studies appear to support the theory of protein metabolism. Greater nitrogen excretion is found consistently at higher body temperatures. There is also much support for the theory of carbohydrate metabolism.",Beitrage zur Klinik der Tuberkulose und spezifischen Tuberkulose-Forschung,1913-01-01,['T BHansen'],1913.0,['menstrual cycle']
Urinary Tract Infections in Women.,,,California state journal of medicine,1913-01-01,['DHadden'],1913.0,['urinary tract infection']
On the Fatigue of Convergence and Its Varieties.,,,Transactions of the American Ophthalmological Society,1913-01-01,['LHowe'],1913.0,['fatigue']
The difficulty of producing sterility by operations on the fallopian tubes.,,"The ineffectiveness of tubal surgery in rendering a woman sterile is discussed in this review of surgical procedures used for tubal ligation and/or excision. The following methods have been used: tubal ligation, section and resection of tubes between 2 ligatures, resection of tubes between 2 ligatures with burial of the uterine end, cauterization of sectioned tubes, bilateral salpingectomy, and resection of interstitial canal by removal of a wedge-shaped piece of uterine cornu. In a retrospective look at tubal ligation procedures performed at Johns Hopkins, it was noted that 14 of 23 tubal ligations could be traced for follow-up, and of these 5 were over 40 years old at time of operation, but 2 of the remaining 9 cases had become pregnant after surgery. A case history of a patient whose tubes were sectioned and resectioned showed that she too became pregnant after surgery. Hence, until more satisfactory methods are devised, extirpation of the tubes together with excision of a wedge of uterine cornu is the simplest and most effective tubal sterilization procedure.",The American journal of obstetrics and diseases of women and children,1913-03-01,['V NLeonard'],1913.0,['tubal ligation']
Some Points in the Surgical Anatomy of the Rectum.,,,Journal of anatomy and physiology,1913-04-01,['J WSmith'],1913.0,['hemorrhoids']
VI. Immediate and Late Results of the Whitehead Operation for Hemorrhoids: A Review of 470 Cases.,10.1097/00000658-191311000-00006,,Annals of surgery,1913-11-01,['H BStone'],1913.0,['hemorrhoids']
The heat production of fatigue and its relation to the production of lactic acid in amphibian muscle.,10.1113/jphysiol.1913.sp001622,,The Journal of physiology,1913-11-07,['R APeters'],1913.0,['fatigue']
An Unusual Case of Ophthalmic Migraine.,,,California state journal of medicine,1913-11-01,['E WAlexander'],1913.0,['migraine']
CARCINOMA OF THE RECTUM REMOVED FOUR AND A HALF YEARS AGO; HYPERTROPHIED PROSTATE RECENTLY REMOVED FROM THE SAME PATIENT. METHOD OF AFTER-TREATMENT OF ENUCLEATION OF THE PROSTATE.,,,California state journal of medicine,1914-02-01,[],1914.0,['hemorrhoids']
The Early Diagnosis of Cancer of the Rectum.,,,California state journal of medicine,1914-09-01,['A JZobel'],1914.0,['hemorrhoids']
CALCIFIED FIBRO-ADENOMA OF BREAST.,10.1097/00000658-191501000-00023,,Annals of surgery,1915-01-01,['T WHuntington'],1915.0,['fibroadenoma']
THE MAJOR PROCEDURE FIRST IN THE TWO-STAGE OPERATION FOR RELIEF OF CANCER OF THE RECTUM.,10.1097/00000658-191504000-00006,,Annals of surgery,1915-04-01,['R CCoffey'],1915.0,['hemorrhoids']
CRIMINAL ABORTIONS AND THE MEDICAL PROFESSION.,,,California state journal of medicine,1916-02-01,['C DBall'],1916.0,['medical abortion']
WHY CORRECTIVE LENSES OFTEN FAIL TO GIVE RELIEF IN HEADACHES DUE TO EYE-STRAIN.,,,California state journal of medicine,1916-05-01,"[""RO'Connor""]",1916.0,['headache']
THE RADICAL OPERATION FOR CANCER OF THE RECTUM AND RECTOSIGMOID.,10.1097/00000658-191609000-00006,,Annals of surgery,1916-09-01,['W JMayo'],1916.0,['hemorrhoids']
On Varieties of the Fatigue of Accommodation as Registered by the Ergograph.,,,Transactions of the American Ophthalmological Society,1917-01-01,['LHowe'],1917.0,['fatigue']
THE CHOICE OF OPERATIVE PROCEDURE IN CANCER OF THE RECTUM AND PELVIC COLON.,10.1097/00000658-191702000-00001,,Annals of surgery,1917-02-01,['C HMayo'],1917.0,['hemorrhoids']
THE EFFECT OF ATMOSPHERIC CONDITIONS UPON FATIGUE AND EFFICIENCY.,10.2105/ajph.7.10.827,,"American journal of public health (New York, N.Y. : 1912)",1917-10-01,['C EWinslow'],1917.0,['fatigue']
INTERNAL HEMORRHOID OPERATION AND AFTER CARE UNDER QUININE-UREA HYDROCHLORIDE ANESTHESIA.,,,California state journal of medicine,1918-01-01,['E JClemons'],1918.0,['hemorrhoids']
"On the Construction of Test-Objects, Especially Those for Measuring Fatigue of Accommodation.",,,Transactions of the American Ophthalmological Society,1918-01-01,['LHowe'],1918.0,['fatigue']
HEADACHE RESULTING FROM PATHOLOGICAL INTRA-ORAL AND INTRANASAL CONDITIONS.,,,California state journal of medicine,1918-03-01,['A BBaer'],1918.0,['headache']
CANCER OF RECTUM.,10.1097/00000658-191804000-00022,,Annals of surgery,1918-04-01,['J MLynch'],1918.0,['hemorrhoids']
A RADIOLUCENT SEMILUNAR SHADOW OCCURRING AS A CONSTANT FACTOR IN CERTAIN CASES OF SEVERE INTERMITTENT HEADACHE: PRELIMINARY REPORT.,,,Annals of surgery,1918-11-01,"['A MMiller', 'E GWilliams']",1918.0,['headache']
REDUCING INDUSTRIAL FATIGUE.,,,California state journal of medicine,1919-01-01,[],1919.0,['fatigue']
"A CASE IN WHICH FOR OVER THIRTY-FIVE YEARS A WOMAN DEFECATED AND URINATED, AND FOR ELEVEN YEARS MENSTRUATED BY THE RECTUM.",10.1097/00000658-191906000-00007,,Annals of surgery,1919-06-01,['W WKeen'],1919.0,['hemorrhoids']
MIGRAINE.,10.1136/bjo.3.6.241,,The British journal of ophthalmology,1919-06-01,['J HFisher'],1919.0,['migraine']
TYPES OF FATIGUE.,10.2105/ajph.10.8.653,"Bad habits in the nervous system often lead to ""vicious circles"" in mental processes. Discipline is important here. Change of scene or sanatorium life is beneficial largely in its power to get the mind out of its ""ruts."" Psychotherapy may effect this. Recovery from mental fatigue is less a matter of correcting metabolism than of forming desirable habits.","American journal of public health (New York, N.Y. : 1912)",1920-08-01,['P GStiles'],1920.0,['fatigue']
AN OPERATION TO FORM A NEW ANAL SPHINCTER AFTER OPERATIONS ON THE LOWER RECTUM.,10.1097/00000658-192012000-00006,,Annals of surgery,1920-12-01,['A JBrown'],1920.0,['hemorrhoids']
The Relation of Headache to Functional Monocularity.,,,Transactions of the American Ophthalmological Society,1921-01-01,['A CSnell'],1921.0,['headache']
THE TREATMENT OF MIGRAINE.,10.1136/bjo.5.3.136,,The British journal of ophthalmology,1921-03-01,['WLang'],1921.0,['migraine']
CANCER OF THE LARGE INTESTINE: NOT INCLUDING THE RECTUM AND RECTOSIGMOID.,10.1097/00000658-192106000-00010,,Annals of surgery,1921-06-01,['J IRussell'],1921.0,['hemorrhoids']
THE DIAGNOSIS OF HYPOTHYROIDISM.,,,California state journal of medicine,1921-08-01,['N WJanney'],1921.0,['hypothyroidism']
MYOMA OF THE RECTUM: REPORT OF FOUR CASES.,10.1097/00000658-192108000-00009,,Annals of surgery,1921-08-01,['V CHunt'],1921.0,['hemorrhoids']
"BLIND-END CIRCULAR SUTURE OF THE INTESTINE, CLOSED ENDS ABUTTED AND THE DOUBLE DIAPHRAGM PUNCTURED WITH A KNIFE INTRODUCED PER RECTUM.",10.1097/00000658-192203000-00007,,Annals of surgery,1922-03-01,['W SHalsted'],1922.0,['hemorrhoids']
Fatigue in Industry.,10.2105/ajph.12.3.212,,"American journal of public health (New York, N.Y. : 1912)",1922-03-01,['E LFisk'],1922.0,['fatigue']
END RESULTS OF OPERATIONS FOR CARCINOMA OF THE RECTUM.,10.1097/00000658-192209000-00012,,Annals of surgery,1922-09-01,"['D FJones', 'L SMcKittrick']",1922.0,['hemorrhoids']
TREATMENT OF CANCER OF THE RECTUM.,10.1097/00000658-192210000-00015,,Annals of surgery,1922-10-01,['R CCoffey'],1922.0,['hemorrhoids']
PROLAPSE OF THE RECTUM IN CHILDREN: THE D'ESPINE METHOD OF TREATMENT.,10.1097/00000658-192210000-00014,,Annals of surgery,1922-10-01,['E GAlexander'],1922.0,['hemorrhoids']
THE HEMORRHOID PROBLEM: A REVIEW.,,,California state journal of medicine,1922-12-01,['SHyman'],1922.0,['hemorrhoids']
INVOLVEMENT OF THE LYMPH-NODES IN CARCINOMA OF THE RECTUM.,10.1097/00000658-192212000-00008,,Annals of surgery,1922-12-01,['J RMcVay'],1922.0,['hemorrhoids']
Syphilitic Headache: The Head-Pains of Early and Late Syphilis with Case Reports.,,,California state journal of medicine,1923-01-01,['I CSutton'],1923.0,['headache']
REACTION TIME AND FATIGUE.,10.1126/science.57.1468.204-a,,"Science (New York, N.Y.)",1923-02-16,['R HTucker'],1923.0,['fatigue']
A STUDY OF THE BASAL METABOLIC RATES IN FATIGUE STATES.,,,California state journal of medicine,1923-02-01,['RCummings'],1923.0,['fatigue']
CANCER OF THE RECTUM AND SIGMOID IN CHILDHOOD AND ADOLESCENCE.,10.1097/00000658-192306000-00009,,Annals of surgery,1923-06-01,['C HPhifer'],1923.0,['hemorrhoids']
"The effect of fatigue on the relation between work and speed, in contraction of human arm muscles.",10.1113/jphysiol.1924.sp002136,,The Journal of physiology,1924-03-14,"['A VHill', 'C NLong', 'HLupton']",1924.0,['fatigue']
PLURISEGMENTAL INNERVATION OF SKELETAL MUSCLE FIBERS AND IMPLICATIONS CONCERNING FATIGUE.,10.1126/science.59.1530.383,,"Science (New York, N.Y.)",1924-04-25,"['MCattell', 'P GStiles']",1924.0,['fatigue']
CANCER OF THE RECTUM.,,,California and western medicine,1924-12-01,['M SWoolf'],1924.0,['hemorrhoids']
"The Distribution of Phosphorus and Fat in the Resting and Fatigued Muscle of the Cat, with a Note on the Partition of Phosphorus in the Blood.",10.1042/bj0190896,,The Biochemical journal,1925-01-01,['D PCuthbertson'],1925.0,['fatigue']
The Phosphate Metabolism in Fatigued Mammalian Muscle.,10.1042/bj0190242,,The Biochemical journal,1925-01-01,['SAndrews'],1925.0,['fatigue']
OVARIAN CYST OF GREAT SIZE REMOVAL WITH RECOVERY.,,,Annals of surgery,1925-02-01,['J ELoveland'],1925.0,['ovarian cyst']
The possibility of sex control by artificial insemination with centrifuged spermatozoa.,,"The results of experiments carried out at the Wisconsin Agricultural Experiment Station to test the possibility of controlling sex by artificial insemination with centrifuged spermatozoa in rabbits and swine are presented. Microscopic studies of spermatozoa showed dimorphism in the head lengths but separation by centrifuging was not complete. According to the chromosome theory, if the ovum is fertilized by an X-bearing spermatozoon, the resulting individual will contain 2 X chromosomes in its cells and will be female. If the ovumn is fertilized by a Y-bearing chromoxome spermatozoon, the resulting individual will contain and X and a Y chromosome in its cells and be a male. The Y-containing spermatozoa are thought to have smaller heads than the X-containing ones. Centrifugal separation of male- and female-producing spermatozoa was attempted with liquid recovered by means of a catheter from the vagina and uterus of rabbits. Other rabbits were then artificially inseminated with portions of this liquid and sex of young produced was recorded. Many young were produced from centrifuged spermatozoa and many from spermatozoa exposed to low temperatures for periods up to 24 hours. Modification of sex ratios was not significant. This investigation failed to show a practical method of controlling sex ratios among the offspring of higher animals.",Journal of agricultural research,1925-05-15,['J LLush'],1925.0,['vaginal pH']
CANCER OF RECTUM AND RECTO-SIGMOID.,10.1097/00000658-192505010-00012,,Annals of surgery,1925-05-01,['J IRussell'],1925.0,['hemorrhoids']
TRANSPLANTATION OF EXTROVERTED BLADDER INTO THE RECTUM.,10.1097/00000658-192506010-00017,,Annals of surgery,1925-06-01,['BMoynihan'],1925.0,['hemorrhoids']
OPERATIVE TREATMENT OF CARCINOMA OF THE RECTUM: REPORT OF OPERATIONS AND PRESENTATION OF CASES.,10.1097/00000658-192507010-00013,,Annals of surgery,1925-07-01,['J ABlake'],1925.0,['hemorrhoids']
STRICTURE OF THE URETER AND DYSMENORRHOEA.,,,California and western medicine,1925-09-01,['R LSchulz'],1925.0,['dysmenorrhea']
THE ROLE OF EPITHELIUM IN EXPERIMENTAL IMMUNIZATION.,10.1126/science.62.1605.293,"When a small amount of blood serum is dropped into the nose of a guinea pig the serum is absorbed by the mucous membrane and, after a definite period of incubation, the animal can be shown to have become profoundly changed. Depending upon the number of instillations, the interval between them and, especially, the quantity of serum instilled, the animal becomes either highly hypersensitive or strongly resistant to a toxic injection given by the vein. This resistance withstands a considerable series of increasing toxic injections and is strengthened with lapse of time,-contrary to the state of tolerance produced by traumatic methods. It is inferred that the absorption of foreign protein by the nose causes the formation of two different antibodies. One of these is allergic and excites to anaphylaxis; the other is protective and leads to true immuuity. The relative amount of either antibody can be regulated by modifying the amount of serum instilled. Added to a state of general allergy it is easy to produce, in the guinea pig, a special sensitization of the respiratory apparatus which leads, under appropriate stimulation, to attacks resembling those of bronchial asthma in man. No conclusion can be drawn at present concerning the nature or mode of action of the protective or immunizing antibody; but the indications are that its relations to the circulation and to tissue fixation resemble those which have been developed by other investigators in regard to the anaphylactic antibody. Evidence has been submitted that the living epithelium mediates between foreign protein and the organism in a way to favor specifically the elaboration of true immunity.","Science (New York, N.Y.)",1925-10-02,['HSewall'],1925.0,['allergic']
TECHNIQUE FOR THE REMOVAL OF HEMORRHOIDS.,10.1097/00000658-192512010-00011,,Annals of surgery,1925-12-01,['L ABuie'],1925.0,['hemorrhoids']
ALLERGIC DERMATITIS: REPORT OF A CASE DUE TO MOHAIR.,,,California and western medicine,1925-12-01,"['A HRowe', 'HRogers']",1925.0,['allergic']
Studies in Ocular Fatigue. II. Convergence Fatigue in Practice.,,,Transactions of the American Ophthalmological Society,1926-01-01,"['CBerens', 'le G HHardy', 'H FPierce']",1926.0,['fatigue']
THE EXCISION OF INTERNAL HEMORRHOIDS.,10.1097/00000658-192603000-00015,,Annals of surgery,1926-03-01,['S TEarle'],1926.0,['hemorrhoids']
COLONIC POLYPOSIS WITH ENGRAFTED MALIGNANCY: A TECHNIC FOR REMOVING THE ENTIRE COLON INCLUDING THE RECTUM.,10.1097/00000658-192603000-00008,,Annals of surgery,1926-03-01,['R CCoffey'],1926.0,['hemorrhoids']
"CARCINOMA OF THE COLON, NOT INCLUDING THE RECTUM.",,,California and western medicine,1926-07-01,['SRobinson'],1926.0,['hemorrhoids']
INTERNAL HEMORRHOIDS IN AN INFANT.,,,California and western medicine,1926-08-01,['L AClary'],1926.0,['hemorrhoids']
CONGENITAL ABSENCE OF THE LOWER PORTION OF THE RECTUM AND ANUS.,,,California and western medicine,1926-08-01,['P RWalters'],1926.0,['hemorrhoids']
CANCER OF THE SIGMOID AND RECTUM IN CHILDREN AND YOUNG ADULTS.,10.1097/00000658-192612000-00006,,Annals of surgery,1926-12-01,['J HClark'],1926.0,['hemorrhoids']
"The rôle of the phosphates in carbohydrate metabolism in skeletal muscle: Part II. A comparison between the muscles of normal, fatigued and depancreatised animals.",10.1113/jphysiol.1926.sp002349,,The Journal of physiology,1926-12-10,"['FBeattie', 'T HMilroy']",1926.0,['fatigue']
THE ADVANTAGES OF A LOW MEDIAN-LINE INCISION IN EXPLORATORY LAPAROTOMY FOR CARCINOMA OF THE RECTUM OR RECTOSIGMOID.,10.1097/00000658-192705000-00012,,Annals of surgery,1927-05-01,['W ESistrunk'],1927.0,['hemorrhoids']
Proctology: Anal Fistula-Bleeding from Rectum-Anesthesia in Rectal Operations.,,,California and western medicine,1927-06-01,['M SWoolf'],1927.0,['hemorrhoids']
"Fatigue, retention of action current and recovery in crustacean nerve.",10.1113/jphysiol.1927.sp002387,,The Journal of physiology,1927-07-07,['ALevin'],1927.0,['fatigue']
THE PRINCIPLES UNDERLYING THE SURGERY OF CARCINOMA OF THE RECTUM.,10.1097/00000658-192709000-00005,,Annals of surgery,1927-09-01,['D BPfeiffer'],1927.0,['hemorrhoids']
Proctology: Hemorrhoids.,,,California and western medicine,1927-10-01,['G FHelsley'],1927.0,['hemorrhoids']
Proctology: Tumors of the Rectum Exclusive of Carcinoma.,,,California and western medicine,1927-11-01,['M SWoolf'],1927.0,['hemorrhoids']
INGUINAL ENDOMETRIOSIS.,10.1097/00000658-192712000-00014,,Annals of surgery,1927-12-01,['FChristopher'],1927.0,['endometriosis']
Variations in some of the constituents of the blood throughout the menstrual cycle in normal women.,10.1042/bj0221544,,The Biochemical journal,1928-01-01,"['H GClose', 'A AOsman']",1928.0,['menstrual cycle']
Recovery of human ova from the uterine tubes.,10.1001/jama.1928.02700140020005,"To study the time of ovulation in the menstrual cycle, an investigation was planned to recover ova from the uterine tubes, to correlate their condition with the menstrual history and stage of development of the early corpora lutea from which these ova had been extruded, and to quantitatively analyze the ovarian hormone level in tissues of the human ovary. The preliminary report records the recovery of 7 ova from the uterine tubes. 1 case involved twin ova where each ovary contained an early corpus luteum. Another involved internal migration of the ovum from the left ovary to the right tube. One ova was recovered on the 12th, 4 on the 15th, and 2 on the 16th day of the menstrual cycle. The last 2 showed signs of degeneration. The corpora lutea of each ova were examined and described. The ova, uterine tubes, corpora lutea, and some endometrium are being prepared for histologic st udy. A series of analyses of hormone content of human ovarian tissues is also being accumulated.",Journal of the American Medical Association,1928-01-01,"['EAllen', 'J PPratt', 'Q UNewell', 'LBland']",1928.0,['menstrual cycle']
Nutritional Disorders: Migraine.,,,California and western medicine,1928-03-01,['D DComstock'],1928.0,['migraine']
COMMON CAUSES OF ALLERGIC DISEASE.,10.2105/ajph.18.3.346,,American journal of public health and the nation's health,1928-03-01,[],1928.0,['allergic']
"Experiments on visceral sensation: Part II. The sensation of ""nausea"" and ""sinking""; oesophageal reflexes and counter-irritation.",10.1113/jphysiol.1928.sp002467,,The Journal of physiology,1928-05-17,"['W WPayne', 'E PPoulton']",1928.0,['nausea']
"THE COMMONER SURGICAL DISEASES OF THE RECTUM, AND THEIR TREATMENT.",,,California and western medicine,1928-10-01,['M SWoolf'],1928.0,['hemorrhoids']
OCCURRENCE OF FAINT BLEEDING ON A DEFINITE INTERMENSTRUAL DAY IN MAN.,10.1126/science.68.1767.453,,"Science (New York, N.Y.)",1928-11-09,"['M ESimpson', 'H MEvans']",1928.0,['intermenstrual bleeding']
Industrial Fatigue.,10.2105/ajph.18.12.1465,,American journal of public health and the nation's health,1928-12-01,['E LFisk'],1928.0,['fatigue']
CARCINOMA OF THE RECTUM AND RECTO-SIGMOID.,10.1097/00000658-192901000-00010,,Annals of surgery,1929-01-01,['L JHahn'],1929.0,['hemorrhoids']
Neuropsychiatry: Migraine-A Vascular Neurosis.,,,California and western medicine,1929-01-01,['R WHarvey'],1929.0,['migraine']
Allergic Phenomena in the Course of Tuberculous Keratitis: With a Report of Two Cases.,,,Transactions of the American Ophthalmological Society,1929-01-01,['C WTooker'],1929.0,['allergic']
"Sterilization without unsexing: 1. Surgical review with especial reference to 5,820 operations on insane and feeble-minded in California.",10.1001/jama.1929.02700310019007,"Surgical technics for vasectomy, salpingectomy, tubal patency tests, electric cauterization of the fallopian tubes, and chemical occlusion of the tubes are reviewed. The use of heat to the testicle and irradiation of the testes and tubes as temporary methods of sterilization are noted.",Journal of the American Medical Association,1929-02-02,['R LDickinson'],1929.0,['tubal ligation']
A Series of Typhoid Fever Cases Infected per Rectum.,10.2105/ajph.19.2.166,,American journal of public health and the nation's health,1929-02-01,['C RHervey'],1929.0,['hemorrhoids']
ALLERGIC RHINITIS.,,,California and western medicine,1929-05-01,['H PMerrill'],1929.0,['allergic']
The homology of menstruation: new observations of intermenstrual bleeding in the monkey.,10.1001/jama.1929.02700500004002,"Although the author had previously reported that intermenstrual blee ding in the monkey was of ovarian origin, resulting from minute hemorrhages incident to ovulation, subsequent laparotomies have convinced him that the bleeding is of uterine origin. In the Carnegie monkey colony 105 menstrual cycles were studied. The bleeding was observed in 62. This midinterval bleeding was of microscopic amounts only and of brief duration. Proestrous bleeding in the dog has likewise been shown to be of uterin origin. In humans after abdominal operations in which the oviducts are bathed in bloody fluid no red blood cells are recoverable from the vagina. However, in the monkey it has been reported that carbon particles injected into the peritoneal cavity pass into the uterus.",Journal of the American Medical Association,1929-06-15,['C GHartman'],1929.0,"['menstrual cycle', 'irregular menstruation', 'intermenstrual bleeding']"
Fatigue of the sense organs in muscle.,10.1113/jphysiol.1929.sp002568,,The Journal of physiology,1929-06-07,['D WBronk'],1929.0,['fatigue']
HEADACHE.,,,California and western medicine,1929-08-01,[],1929.0,"['headache', 'migraine', 'allergic']"
INTERSTITIAL CYSTITIS: REPORT OF CASES.,,,California and western medicine,1929-10-01,"['APeterson', 'B HHager']",1929.0,['interstitial cystitis']
END RESULTS OF RADICAL OPERATIONS FOR CARCINOMA OF THE RECTUM.,10.1097/00000658-192910000-00024,,Annals of surgery,1929-10-01,['D FJones'],1929.0,['hemorrhoids']
RESECTION OF RECTUM FOR CANCER AND CONTINUITY RESTORED.,10.1097/00000658-192910000-00023,,Annals of surgery,1929-10-01,['W FVerdi'],1929.0,['hemorrhoids']
A REVIEW OF OVER THREE HUNDRED CASES OF CANCER OF THE RECTUM.,,,California and western medicine,1929-11-01,['W HKiger'],1929.0,['hemorrhoids']
THE ASCHHEIM-ZONDEK HORMONE TEST FOR PREGNANCY.,,,California and western medicine,1929-12-01,['H EKaplan'],1929.0,['pregnancy test']
REVERSAL OF THE STIMULATING ACTION OF HYDROSTATIC PRESSURE ON STRIATED MUSCLE.,10.1126/science.71.1827.17,"The usual augmenting action of pressure on the tension developed by striated muscle in response to a single stimulus changes to depression on fatiguing the muscle. On release of the pressure the tension of the single twitch again reaches the control value. A similar reversal may be brought about by cooling the muscle, the change usually occurring at about 13 degrees C. Below this temperature the depression is roughly proportional to the pressure. At about 1 degrees C. the tension development may be completely inhibited by high pressure. The muscle responds normally upon release of the pressure, and upon warming pressure again causes augmentation of contraction.","Science (New York, N.Y.)",1930-01-03,"['MCattell', 'D JEdwards']",1930.0,['fatigue']
THE LUMP IN THE BREAST.,,,California and western medicine,1930-02-01,[],1930.0,['breast lump']
Allergy: Acute Articular Rheumatism an Allergic Manifestation.,,,California and western medicine,1930-02-01,['F MPottenger'],1930.0,['allergic']
TWO RECENT CALIFORNIA RESEARCHES-THE ASCHHEIM-ZONDEK PREGNANCY TEST AND THE COFFEY-HUMBER CANCER EXPERIMENTS.,,,California and western medicine,1930-03-01,[],1930.0,['pregnancy test']
ASCHHEIM-ZONDEK TEST FOR PREGNANCY-ITS PRESENT STATUS.,,,California and western medicine,1930-03-01,"['H MEvans', 'M ESimpson']",1930.0,['pregnancy test']
ON THE RELATION OF CHANGES IN BLOOD VELOCITY AND VOLUME FLOW OF BLOOD TO CHANGE OF POSTURE.,10.1172/JCI100277,,The Journal of clinical investigation,1930-06-01,"['A VBock', 'D BDill', 'H TEdwards']",1930.0,['fatigue']
THE DEMONSTRATION THAT ALLERGIC INFLAMMATION IS NOT NECESSARY FOR THE OPERATION OF ACQUIRED IMMUNITY.,10.1073/pnas.16.7.460,,Proceedings of the National Academy of Sciences of the United States of America,1930-07-15,['A RRich'],1930.0,['allergic']
CHORDOTOMY FOR INTRACTABLE PELVIC PAIN.,10.1097/00000658-193009000-00003,,Annals of surgery,1930-09-01,['C SBeck'],1930.0,['pelvic pain']
SECTION OF THE SYMPATHETIC NERVES OF THE DISTAL PART OF THE COLON AND THE RECTUM IN THE TREATMENT OF HIRSCHSPRUNG'S DISEASE AND CERTAIN TYPES OF CONSTIPATION.,,,Annals of surgery,1930-10-01,"['F WRankin', 'J RLearmonth']",1930.0,['hemorrhoids']
Diagnosis of Allergic Rhinitis.,,,California and western medicine,1930-10-01,['H PMerrill'],1930.0,['allergic']
ALLERGIC TOXEMIA AND MIGRAINE DUE TO FOOD ALLERGY: REPORT OF CASES.,,,California and western medicine,1930-11-01,['A HRowe'],1930.0,"['migraine', 'allergic']"
GLUCOSE PER RECTUM-EVIDENCE OF NON-ABSORBABILITY.,,,California and western medicine,1930-12-01,['BSmith'],1930.0,['hemorrhoids']
Some Effects of Oestrin on the Menstrual Cycle of Baboons and Macaques.,,,Journal of anatomy,1931-01-01,"['A SParkes', 'SZuckerman']",1931.0,['menstrual cycle']
HOW FAR CAN RADIUM REPLACE RADICAL SURGERY FOR CANCER OF THE RECTUM.,10.1097/00000658-193101000-00055,,Annals of surgery,1931-01-01,['CGordon-Watson'],1931.0,['hemorrhoids']
SOME COMMONER DIFFICULTIES IN DIAGNOSIS AND TREATMENT OF CARCINOMA OF THE RECTUM AND COLON.,10.1097/00000658-193101000-00042,,Annals of surgery,1931-01-01,"['H CSaltzstein', 'D JSandweiss']",1931.0,['hemorrhoids']
EFFECT OF ACIDOSIS AND ALKALOSIS UPON CAPACITY FOR WORK.,10.1172/JCI100324,,The Journal of clinical investigation,1931-02-01,"['HDennig', 'J HTalbott', 'H TEdwards', 'D BDill']",1931.0,['fatigue']
MODIFICATION OF THERAPEUTIC SERA WITH A VIEW OF AVOIDING COMPLICATIONS OF ALLERGIC NATURE.,10.1126/science.73.1895.455,,"Science (New York, N.Y.)",1931-04-24,"['JBronfenbrenner', 'D MHetler', 'I OEagle']",1931.0,['allergic']
ENDOMETRIOSIS.,,,California and western medicine,1931-05-01,['A FMaxwell'],1931.0,['endometriosis']
Dissipative Dynamical Systems: I.,10.1073/pnas.17.5.311,,Proceedings of the National Academy of Sciences of the United States of America,1931-05-01,['P SBauer'],1931.0,['fatigue']
Allergic Manifestations in Superficial Fungus Infections.,,,California and western medicine,1931-05-01,"['SAyres', 'N PAnderson']",1931.0,['allergic']
THE FUNCTIONAL ACTIVITY OF SINGLE UNITS IN THE CENTRAL NERVOUS SYSTEM.,10.1126/science.73.1904.685,"Single motor units, i.e., anterior horn cells plus the muscle fibers they innervate, have recently been placed under direct observation while responding to a normal reflex stimulus. Details such as the normal rate of discharge, latent period, refractory period, influence of fatigue, etc., have been carefully studied. The work of Denny-Brown, Adrian and Bronk, Eccles and Sherrington have all indicated that the natural rate of discharge of the anterior horn cell is slow, i.e., 5 to 25 per sec., and never more than 80 to 90 per sec. under intense stimulation. A motor unit discharging at 10 per sec. may continue in activity for indefinite periods of time without fatigue. Tonic responses are maintained by such rates of discharge and therefore no special tonic mechanisms need be postulated to explain the absence of fatigue.","Science (New York, N.Y.)",1931-06-26,['J FFulton'],1931.0,['fatigue']
Five Cases of Infection of the Urinary Tract Due to a Member of the Group of Bacilli Named after Morgan.,10.1128/jb.22.4.261-273.1931,,Journal of bacteriology,1931-10-01,['EWaaler'],1931.0,['urinary tract infection']
EARLY PREGNANCY-A HORMONE TEST FOR ITS DIAGNOSIS: UTILIZATION OF RABBITS FOR TEST: A PRELIMINARY REPORT.,,,California and western medicine,1931-10-01,"['J HDorn', 'J RMorse', 'E ISugarman']",1931.0,['pregnancy test']
BACTERIOPHAGE IN SURGERY OF THE COLON AND RECTUM.,10.1097/00000658-193110000-00019,,Annals of surgery,1931-10-01,['ERixford'],1931.0,['hemorrhoids']
THE DIAGNOSIS AND PRINCIPLES OF TREATMENT OF CARCINOMA OF THE COLON AND RECTUM.,10.1097/00000658-193111000-00005,,Annals of surgery,1931-11-01,['D FJones'],1931.0,['hemorrhoids']
WORK AND BODILY FATIGUE.,10.1126/science.74.1926.545,,"Science (New York, N.Y.)",1931-11-27,['S RWilliams'],1931.0,['fatigue']
FIBROIDS AND OVARIAN CYSTS COMPLICATING PREGNANCY.,,,California and western medicine,1931-12-01,['F WLynch'],1931.0,['ovarian cyst']
Obstetrics in Mexico prior to 1600.,,"Surviving Indian codices and inscriptions, reports written down by the Spanish, and continuity of practice from pre-conquest times are the sources of knowledge about obstetrics in Mexico prior to 1600. Antenatal care included avoidance of exposure to heat, no sleep during the day, and plenty of nourishment, although certain dietary precautions were recommended. Moderate intercourse during the first trimester was permitted but prohibited near the time of parturition. In general, midwives counseled the prospective mother to eat well, to rest physically and mentally, and to engage very moderately in manual labor. Massage was given at regular intervals, and vapor baths were taken. Juices of medicinal plants were administered during labor both to expedite it and to relieve pain. Women assumed a squatting position during labor, which was also assisted by abdominal massage and the manual dilation of the vulva. If parturition was prolonged, pressure was applied by the midwife who used her feet for this purpose. The child was bathed immediately after birth. Lactation was prolonged among the Mexicans.",Annals of medical history,1932-03-01,['NVan Patten'],1932.0,['painful intercourse']
Cancer of the Colon and of the Rectum: Personal Experiences from 1892 to 1932.,10.1097/00000658-193204000-00012,,Annals of surgery,1932-04-01,['J CBloodgood'],1932.0,['hemorrhoids']
Strangulation of the Sigmoid Flexure by the Pedicle of an Ovarian Cyst.,,,Annals of surgery,1932-06-01,['F CBeall'],1932.0,['ovarian cyst']
LACTIC ACID IN THE BLOOD OF RESTING MAN.,10.1172/JCI100450,,The Journal of clinical investigation,1932-07-01,"['A VBock', 'D BDill', 'H TEdwards']",1932.0,['fatigue']
Hemorrhoid Injection: A New Speculum and Technique.,,,California and western medicine,1932-09-01,['N JKilbourne'],1932.0,['hemorrhoids']
The effect of fatigue on end-plate delay.,10.1113/jphysiol.1932.sp002914,,The Journal of physiology,1932-09-16,['W GWalter'],1932.0,['fatigue']
Cancer of the Rectum.,,,California and western medicine,1932-10-01,['DSmith'],1932.0,['hemorrhoids']
MUCIFICATION OF THE VAGINAL EPITHELIUM OF MICE AS A TEST FOR PREGNANCY-MAINTAINING POTENCY OF EXTRACT OF CORPORA LUTEA.,10.1126/science.76.1975.408,,"Science (New York, N.Y.)",1932-11-04,['R GHarris'],1932.0,['pregnancy test']
THE UREA CLEARANCE TEST IN TOXEMIAS OF PREGNANCY.,10.1172/JCI100468,,The Journal of clinical investigation,1932-11-01,"['DHurwitz', 'W ROhler']",1932.0,['pregnancy test']
QUANTITATIVE ASPECTS OF IRON DEFICIENCY IN HYPOCHROMIC ANEMIA: (The Parenteral Administration of Iron).,10.1172/JCI100478,,The Journal of clinical investigation,1932-11-01,"['C WHeath', 'M BStrauss', 'W BCastle']",1932.0,['iron deficiency anemia']
Don'ts in Hemorrhoidal Injections.,,,California and western medicine,1932-11-01,['A HWeitkamp'],1932.0,['hemorrhoids']
The Friedman Test for Pregnancy.,,,California and western medicine,1933-01-01,"['L GMcNeile', 'P AReynolds']",1933.0,['pregnancy test']
"Muscular Fatigue, Muscle Strain and Muscle Cramps.",,,California and western medicine,1933-02-01,['RMarx'],1933.0,['fatigue']
SCOTOMATA IN MIGRAINOUS SUBJECTS.,10.1136/bjo.17.2.83,,The British journal of ophthalmology,1933-02-01,['T HButler'],1933.0,['migraine']
ANEMIA OF INFANCY FROM MATERNAL IRON DEFICIENCY IN PREGNANCY.,10.1172/JCI100507,,The Journal of clinical investigation,1933-03-01,['M BStrauss'],1933.0,['iron deficiency anemia']
The Inheritance of Allergy with Special Reference to Migraine.,10.1093/genetics/18.2.129,,Genetics,1933-03-01,"['M HRichards', 'R MBalyeat']",1933.0,['migraine']
The Growing Complexities of Allergic Theory: II.,,,California and western medicine,1933-03-01,['W HManwaring'],1933.0,['allergic']
Dehydration in Heat Exhaustion and in Fatigue.,,,California and western medicine,1933-05-01,['CVan Zwalenburg'],1933.0,['fatigue']
HEAT CRAMPS. A CLINICAL AND CHEMICAL STUDY.,10.1172/JCI100516,,The Journal of clinical investigation,1933-05-01,"['J HTalbott', 'JMichelsen']",1933.0,['fatigue']
A Type of Migraine Associated with Hypocalcemia.,,,California and western medicine,1933-05-01,['G FNorman'],1933.0,['migraine']
Primary Mucoid Carcinoma of the Rectum in a Thirteen-Year-Old Girl.,10.1097/00000658-193306000-00012,,Annals of surgery,1933-06-01,"['T SRaiford', 'E MButtles']",1933.0,['hemorrhoids']
Migraine.,,,California and western medicine,1933-07-01,[],1933.0,"['migraine', 'nausea', 'headache', 'menstrual cycle']"
Infections of the Genito-Urinary Tract.,,,California and western medicine,1933-08-01,['M BWesson'],1933.0,['urinary tract infection']
Development of the vagina in the human fetus.,,"Lack of uniformity of opinions concerning the development of the vag ina prompted an investigation into the successive stages of the vagina's developmental events. Observations on the material studied indicated: 1) that the upper part of the vagina develops from the mullerian ducts: 2) the lower part of the vagina is formed from the urogenital sinus in an area fromerly occupied by the mullerian tubercle; it is here that the hymen forms; 3) the hymen is formed passively by the invagination of the posterior wall of the sinus attributed to expansion of the vagina's lower end and; 4) formation of the vagina occurs without the participation of the wolffian ducts which involute at 50mm and usually rapidly and entirely disappear from the genital cord. These observations suggest that a caudocranial process occurs in which epithelial cells in the center of the solid cord undergo involution, desquamate and are discharged in part of the hymenal opening thus forming the vaginal canal.",Contributions to embryology,1933-09-01,['A KKoff'],1933.0,['vaginal pH']
Allergic Inactivation of Diphtheria Antitoxin: VIII.,,,California and western medicine,1933-09-01,['W HManwaring'],1933.0,['allergic']
A Study of the Opsono-Cytophagic Power of the Blood and Allergic Skin Reaction in Brucella Infection and Immunity in Man.,10.2105/ajph.23.9.917,,American journal of public health and the nation's health,1933-09-01,"['I FHuddleson', 'H WJohnson', 'E EHamann']",1933.0,['allergic']
Instrumental Perforation of the Rectum.,,,California and western medicine,1933-11-01,['K ESmiley'],1933.0,['hemorrhoids']
The Problem of Dysmenorrhea.,,,California and western medicine,1933-12-01,['L AEmge'],1933.0,['dysmenorrhea']
Prolapse of the Rectum.,10.1097/00000658-193312000-00006,,Annals of surgery,1933-12-01,"['F WRankin', 'J TPriestley']",1933.0,['hemorrhoids']
ELASTIC FATIGUE AND CREEP OF COILED SPRINGS.,10.1126/science.78.2031.511,,"Science (New York, N.Y.)",1933-12-01,['W HPielemeier'],1933.0,['fatigue']
"Experimental studies, old and new, on menstrual toxin.",10.1037/h0074380,"Scientific investigation on menotoxin, or menstrual toxin, started around 1920. Since then a number of zoopharmacological reactions, and a number of phytotoxic effects of menotoxin have been described. It has been shown, for example, that injections of menotoxin have a markedly depressant effect on albino rats, that large doses of menotixin can depress the muscular contractions of vas deferentia in rats, and that menotoxin solutions, when applied to the sciatic nerves of rats, greatly increase their irritability. Research on the chemical nature of menotoxin have brought it into close touch with the chemistry of toad poisons, closely related in their nature to oxycholestrin and to certain heart drugs.",Journal of comparative psychology,1934-01-01,"['D IMacht', 'M EDavis']",1934.0,['menstrual cycle']
A study on the birth control with an intrauterine instrument.,,"A metallic spiral IUD was inserted in 1 region of a rabbit uterus and tied to the uterine wall to test its effectiveness in pregnancy prevention. Within 1 week and after 20 days, pregnancy was hindered in the region where the device was present. The action of the IUD was irrespective of its composition. Changes in the uterine mucous membrane were generally absent, and the uterus was without inflammatory findings and without necrosis or atrophy of the glands. In clinical trials a modification of the Graefenberg ring was used. This was termed the ""presear-ring"" and consisted of the addition of a flat ball in the center of the ring, thus increasing the surface area. When compared with the Graefenberg ring the efficacy of the modified device was increased (5 pregnancies out of 53 vs. 1 pregnancy out of 73 cases, respectively). Insertion of the device was easy and was performed on an outpatient basis. Some gland proliferation was seen but without inflammation. Pregnancy was possible after the ring was removed. The materials used for the ring were gold or silver plated with gold.",The Japanese journal of obstetrics and gynecology,1934-01-01,['TOta'],1934.0,"['IUD', 'intrauterine device', 'pregnancy test']"
Tumors of the breast related to the oestrin hormone.,,"47 figures and 2 tables are the core of evidence presented in this discussion of the relatedness of estrogen to breast tumors. A pathologic study of 95 cases of gynecomastia, 25 cases of virginal hypertrophy, and 450 cases of fibroadenoma shows the similarity of these lesions, characterized by a developmentally responsive fibroepithelial growth occurring in both males and females under normal and abnormal conditions. That prolonged (developmental) and uninterrupted stimulation by estrogen rather than brief high concentrations is necessary for production of these conditions is supported by the following: 1) these hypertrophies are easily produced in male animals when pathologic concentrations of estrogen are present; 2) these conditions are prevalent in prepuberty in girls, when small but steady estrogen breast secretions occur for 3-5 years before menstrual onset; 3) these conditions occur or are exacerbated during the latter 2 trimesters of pregnancy; 4) experimental injection of repeated small doses of estrogen into monkeys is more efficacious in reproducing the diseases than high doses given over short periods; and 5) the bio-assay of these pathologic tissues demonstrates that affected tissue has a marked capacity to concentrate the hormone. Cystic disease and fibrosarcoma receive similar histological treatment in the text, and the frozen sections suggest that the involutional changes in fibroadenomatous lesions may give rise to cystic disease and the proliferative changes in fibroadenoma may be responsible for fibrosarcoma development. Nonsurgical attempts to involute these lesions are described, and their advancement is recommended (e.g., treatment of gynecomastia by prolactin).",The American journal of cancer,1934-01-01,"['C FGeschickter', 'DLewis', 'C GHartman']",1934.0,"['fibroadenoma', 'breast cancer screening']"
The application of the Kober test to the quantitative estimation of oestrone and oestriol in human pregnancy urine.,10.1042/bj0281603,,The Biochemical journal,1934-01-01,"['S LCohen', 'G FMarrian']",1934.0,['pregnancy test']
Carcinoma of Rectum: In a Young Man of Seventeen Years.,,,California and western medicine,1934-03-01,['T CLawson'],1934.0,['hemorrhoids']
Allergic Scabies.,,,California and western medicine,1934-03-01,['MScholtz'],1934.0,['allergic']
"Internal Haemorrhoids: Comparative Value of Treatment by Operative and by Injection Methods: A Survey of 62,910 Cases.",10.1097/00000658-193404000-00006,,Annals of surgery,1934-04-01,['N JKilbourne'],1934.0,['hemorrhoids']
EXPERIMENT ON THE EFFECT OF FATIGUE IN INSOLATION.,10.1126/science.79.2049.319-a,,"Science (New York, N.Y.)",1934-04-06,['D TGriggs'],1934.0,['fatigue']
Nausea of Pregnancy.,,,California and western medicine,1934-05-01,[],1934.0,['nausea']
Safeguarded Needle for Hemorrhoidal Injections.,,,California and western medicine,1934-07-01,['F MMikels'],1934.0,['hemorrhoids']
Carcinoma of the Rectum: the Question of Operability.,10.1097/00000658-193409000-00009,,Annals of surgery,1934-09-01,['A ASalvin'],1934.0,['hemorrhoids']
Inflammatory Strictures of the Rectum and Their Relation to Lymphogranuloma Inguinale.,10.1097/00000658-193409000-00008,,Annals of surgery,1934-09-01,"['HLee', 'R WStaley']",1934.0,['hemorrhoids']
The Menstrual Cycle of the Primates: Part VII. The Sexual Skin of the Chimpanzee.,,,Journal of anatomy,1934-10-01,"['SZuckerman', 'J FFulton']",1934.0,['menstrual cycle']
"GYNECOMASTIA, VIRGINAL HYPERTROPHY AND FIBROADENOMAS OF THE BREAST.",10.1097/00000658-193410000-00019,,Annals of surgery,1934-10-01,"['DLewis', 'C FGeschickter']",1934.0,['fibroadenoma']
Autodesensitization of Allergic Conditions.,,,California and western medicine,1934-11-01,['H AJohnston'],1934.0,['allergic']
A suction-curet apparatus for endometrial biopsy.,10.1001/jama.1935.92760170002011a,"A suction-curet apparatus for endometrial biopsy is described. The primary application of the apparatus is in the determination of ovulation in cases of infertility. An electric motor suction apparatus is employed instead of suction by syringe. The curved tube cannula is preferred to the straight instrument, and can usually be inserted without dilation of the cervix. The method can also be used for diagnosis of adenocarcinoma of the uterus, hyperplasia of the endometrium, the study of indocrinopathic amenorrhea, and for obtaining fertilized ovum at very early stages of implantation.",Journal of the American Medical Association,1935-01-01,['ENovak'],1935.0,['amenorrhea']
EXCISION OF PELVIC AUTONOMIC NERVES FOR THE RELIEF OF PAIN FROM ADVANCED PELVIC CARCINOMA.,10.1097/00000658-193501000-00043,,Annals of surgery,1935-01-01,['C ABehney'],1935.0,['pelvic pain']
Headaches.,,,California and western medicine,1935-02-01,[],1935.0,"['headache', 'migraine']"
CARCINOMA OF THE LARGE BOWEL (PART II.): THE RECTUM.,10.1097/00000658-193504000-00005,,Annals of surgery,1935-04-01,['T SRaiford'],1935.0,['hemorrhoids']
THE PATHOGENIC PROBLEM OF SO-CALLED CRITICAL ALLERGIC CONJUNCTIVITIS (Specific sensitization-Non-specific sensitization-Instability of organic colloids).,10.1136/bjo.19.5.241,,The British journal of ophthalmology,1935-05-01,['HLagrange'],1935.0,['allergic']
THE MINUTE VOLUME OUTPUT AND THE WORK OF THE HEART IN HYPOTHYROIDISM.,10.1172/JCI100688,,The Journal of clinical investigation,1935-07-01,"['M DAltschule', 'M CVolk']",1935.0,['hypothyroidism']
THE ONE STAGE ABDOMINOPERINEAL OPERATION FOR CARCINOMA OF THE RECTUM.,10.1097/00000658-193507000-00012,,Annals of surgery,1935-07-01,['T EJones'],1935.0,['hemorrhoids']
EARLY DIAGNOSIS OF CANCER OF THE BREAST.,10.1097/00000658-193508000-00008,,Annals of surgery,1935-08-01,['R BGreenough'],1935.0,['breast cancer screening']
THE RELATIONSHIP BETWEEN INSENSIBLE WATER LOSS AND HEAT PRODUCTION IN PATIENTS WITH HYPOTHYROIDISM COMPARED WITH NORMAL SUBJECTS.,10.1172/JCI100714,,The Journal of clinical investigation,1935-09-01,"['D RGilligan', 'GEdsall']",1935.0,['hypothyroidism']
SPECIFIC DYNAMIC ACTION OF CARBOHYDRATE AND OF PROTEIN IN HUMAN HYPOTHYROIDISM AFTER TOTAL ABLATION OF THE NORMAL THYROID GLAND.,10.1172/JCI100709,,The Journal of clinical investigation,1935-09-01,['MLandowne'],1935.0,['hypothyroidism']
RADIUM BURNS OF THE RECTUM.,10.1097/00000658-193509000-00014,,Annals of surgery,1935-09-01,['V CDavid'],1935.0,['hemorrhoids']
SURGICAL SIGNIFICANCE OF ENDOMETRIOSIS.,10.1097/00000658-193511000-00003,,Annals of surgery,1935-11-01,['J CMasson'],1935.0,['endometriosis']
Dysmenorrhea.,,"Dysmenorrhea affects over 50% of menstruating women and causes extensive personal and public health problems, a high degree of absenteeism and severe economic loss. In primary dysmenorrhea there is no macroscopically identifiable pelvic pathology, while in secondary dysmenorrhea gross pathology is present in the pelvic structures. With primary dysmenorrhea the pain is suprapubic and spasmodic, and associated symptoms may be present. Characteristically dysmenorrhea starts at or shortly after menarche. The pain lasts for 48-72 hours during the menstrual flow and is most severe during the first or second day of menstruation. It is now clear that in many women with primary dysmenorrhea the pathophysiology is due to increased and/or abnormal uterine activity because of the excessive production and release of uterine prostaglandins. Treatment with many of the prostaglandin synthetase inhibitors (nonsteroidal antiinflammatory drugs) will produce significant relief from dysmenorrhea and a concomitant decrease in menstrual fluid prostaglandins. For dysmenorrheic women who desire oral contraception, this agent will relieve the dysmenorrhea by suppressing endometrial growth, thus resulting in a decrease in the menstrual flow as well as in menstrual fluid prostaglandins. For those not requiring oral contraception the drug of choice for primary dysmenorrhea remains a prostaglandin inhibitor. Laparoscopy need be resorted to only if a pelvic abnormality is detected on examination or if treatment with prostaglandin inhibitors for up to six months is not significantly effective. In secondary dysmenorrhea, relief is obtained when the pelvic pathology--such as ovarian cysts, uterine fibroids, adhesions, cervical stenosis, congenital malformation of the uterus and endometriosis--is treated. In women using IUDs the dysmenorrhea is readily controlled with prostaglandin inhibitors since the underlying pathophysiology is excessive prostaglandin production and release.",California and western medicine,1936-02-01,[],1936.0,"['dysmenorrhea', 'irregular menstruation', 'pelvic pain', 'combined oral contraceptives', 'endometriosis', 'ovarian cyst', 'menstrual cycle', 'intrauterine device', 'adenomyosis', 'abnormal uterine bleeding', 'dyspareunia', 'pregnancy test']"
The Aschheim-zondek Test for Pregnancy.,,,California and western medicine,1936-03-01,['E HRuediger'],1936.0,['pregnancy test']
Menstrual Hypoglycemia and Functional Dysmenorrhea: Their Relationship.,,,California and western medicine,1936-05-01,"['M KTedstrom', 'L EWilson']",1936.0,['dysmenorrhea']
Metaplasia of uterine epithelium produced in rats by prolonged administration of oestrin.,10.1158/ajc.1936.91,"11 castrate female rats were treated with intrauterine injections of a solution of estrone in corn oil; 11 additional castrate female rats were administered with the same solution by daily subcutaneous injections. Vaginal smears in both groups showed continuous estrus, distended uteri and squamous metaplasia of the uterine epithelium, with downgrowth into the stroma. Similar quantities of estrone administered to 12 normal male rats produced marked atrophy of the penis, testes, seminal vesicles, and prostate, but no metaplasia was observed, even when estrone was injected directly into the seminal vesicles. Administration of 1:2:5:6-dibenzanthracene in oil, gas-house tar, or pregnandiol in female rats did not cause metaplasia of the uterine epithelium, although the first 2 preparatoin are known to be carcinogenic.",The American journal of cancer,1936-05-01,['C SMceuen'],1936.0,['vaginal pH']
Duration of sperm cell migration in uterine secretions: preliminary report: maximum eighty hours.,10.1001/jama.1936.02770260015004,"This study reports on the length of time needed for spermatozoa to retain normal morphology and migratory power in the female genital tract. The literature on the subject is amply reviewed. From his own investigations the author affirms that in most women conditions most favorable to sustain spermatozoa motility are provided for only a limited part of the menstrual cycle, and that sperm survival at periods of less than 24 hours is a frequent recurrence. On the other hand, a few cases were observed in which migratory sperm cells were found from 36 to 80 hours after coitus, and, in 1 case, even 84 hours after coitus.",Journal of the American Medical Association,1936-06-27,['W HCary'],1936.0,['menstrual cycle']
PRESACRAL SYMPATHECTOMY FOR DYSMENORRHEA AND PELVIC PAIN.,10.1097/00000658-193606000-00005,,Annals of surgery,1936-06-01,['W TBlack'],1936.0,"['dysmenorrhea', 'pelvic pain']"
PRESACRAL NERVE RESECTION FOR THE RELIEF OF PELVIC PAIN AND DYSMENORRHEA.,10.1097/00000658-193606000-00004,,Annals of surgery,1936-06-01,['J ECannaday'],1936.0,"['dysmenorrhea', 'pelvic pain']"
Immediate Allergic Response Following a Schick Test.,10.2105/ajph.26.8.809,,American journal of public health and the nation's health,1936-08-01,"['A EKeller', 'SHarris']",1936.0,['allergic']
RESECTION OF THE PRESACRAL NERVE FOR DYSMENORRHEA AND PELVIC PAIN.,10.1097/00000658-193609000-00004,,Annals of surgery,1936-09-01,['W DAbbott'],1936.0,"['dysmenorrhea', 'pelvic pain']"
THE ONE STAGE PROCEDURE OF THE TREATMENT OF CARCINOMA OF THE RECTUM.,10.1097/00000658-193610440-00016,,Annals of surgery,1936-10-01,"['F AColler', 'H KRansom']",1936.0,['hemorrhoids']
RESECTION OF THE RECTUM AND RECTOSIGMOID BY SINGLE OR GRADED PROCEDURES.,10.1097/00000658-193610440-00015,,Annals of surgery,1936-10-01,['F WRankin'],1936.0,['hemorrhoids']
[Influence of hormones on the cervical glands].,,"In most laboratory animals (e.g. guinea pig, rat, rabbit) the appearance of the cervix is very variable, and is characterized by a glandular differentiation between the vagina and the body of the uterus. The author has tried to provoke variations in the glandular morphology of the cervix by injection of total folliculin, of ovarian lipids, corpus luteum extracts, purified folliculin, and synthetic proluton. In the guinea pig injection of folliculin first thickened the basal layers of the vagina, and then caused desquamation; in the body of the uterus it provoked the growth of glands and the apparition of decidual cells; secretion from the mucosa increased. Placental lipids caused the same effects, while luteinizing products did not. Pure folliculin caused on the cervical glands the same effects as estrogen products, but more quickly. Testicular lipids caused the development of cervical glands and an abundant secretion of mucus; keratinization was induced more rapidly in the castrated female. The same effects, with slight differences, were obtained after injections in the rat and in the rabbit. Further studies are required before the results can be transferred to the clinical field.",Comptes rendus de la Societe francaise de gynecologie,1936-11-16,['ICesa'],1936.0,['vaginal pH']
HEMATOLOGICAL STUDIES IN HYPOTHYROIDISM FOLLOWING TOTAL THYROIDECTOMY.,10.1172/JCI100815,,The Journal of clinical investigation,1936-11-01,"['BStern', 'M DAltschule']",1936.0,['hypothyroidism']
"Urinary Tract Infection with ""Clear Urine."".",,,California and western medicine,1936-12-01,['J RDillon'],1936.0,['urinary tract infection']
Contraceptive jellies: a clinical study.,,"An intensive follow-up study of 230 patients (employees of the Birth Control Clinical Research Bureau) who used contraceptive 'jelly alone' during a 4-year period (1932-1935) was conducted. 12 kinds of 'jellies alone' were used: 98 women were given a CO2 effervescing jelly; 78 were given jellies with chinosol as the main ingredient; 26 had soap-base jelly; 18 had jellies with lactic acid as the main ingredient; 5 were given acetic acid jellies, and the remaining 5 had jellies with varying chemical compounds. Only 151 patients were completely followed up. Women who discontinued use of the jellies did so because of the product's messiness and over-lubrication. Only 63 out of the 151 were able to use jelly successfully. 16 of the 35 women who used the CO2 jelly conceived in spite of regular use. It was suggested that physicians exercise caution in prescribing jellies to patients for contraceptive measures. Further, biochemist's findings regarding the chemical properties of the product should be combined with the clinician's clinical findings for best results.",The Journal of contraception,1936-12-01,['H MStone'],1936.0,['vaginal pH']
Water metabolism in relation to the menstrual cycle.,10.1113/jphysiol.1937.sp003447,,The Journal of physiology,1937-01-18,"['P LKrohn', 'SZuckerman']",1937.0,['menstrual cycle']
The prospects for hormonal sterilization.,,"Any contraceptive method acts by producing temporary sterility. Var iations in the time of spontaneous ovulation and variations in the length of the cycle render the date of ovulation relatively unpredictabl e. The safe period, therefore, varies. Hormonal sterilization deals with methods that render the woman sterile for the duration of at least 1 menstrual cycle. This anovulatory cycle is 1 method. No corpus luteum forms although bleeding occurs cyclically. Most cycles during lactation are sterile. Other women sometimes have anovulatory cycles. Prolactin injections have been shown to temporarily suppress ovarian cyclic activity in mice and rats. Prolactin may produce anovulatory cycles in women and thus provide a method of hormonal sterilization. 4 mg progesterone daily inhibits estrus. Studies with estrone show that it has a depressant effect on ovarian response to follicle stimulating hormone. Large doses of estradiol benzoate used to treat dysmenorrhea have altered menstrual rhythm. Injection of gonadotrophic antisera for prevention of ovulation is a possibility. Daily injections of estrone, begun on day of mating, usually have resulted in retention of ova in the fallopian tubes of mice and rabbits. All of these ova showed signs of degeneration by Day 4. Fertilized human ova may be tube locked by an excess of estrone or degeneration of the fertilized ovum may inhibit further development. The potentialities of hormonal sterilization are great. Extensive investigation for humans is warranted.",The Journal of contraception,1937-02-01,['RKurzrok'],1937.0,"['menstrual cycle', 'dysmenorrhea', 'contraceptive side effects']"
"Biopsy studies of human endometrium: criteria of dating and information about amenorrhea, menorrhagia, and time of ovulation.",10.1001/jama.1937.02780240014006,"Of 900 biopsies made with a small suction curet 457 from 329 women were analyzed to show the progression of the endometrium from the high-estrogen early-proliferative phase, immediately following menstruation, through the late proliferation occurring about Day 12 foll owing menstruation. Classifications from Days 14 to 27 are much easier to make because the 1st sign of progestin effect causes significant change. On Day 15 vacuolization of the cytoplasm and beginning migration of the nuclei toward the surface of the cells is seen, leaving a lucid zone underlying the nuclei. On Day 17 this zone is well-marked and the nuclei above it are lining up to lie later each beside the other near the middle of the cell. On Day 19 the row of nuclei has sunk distally near to the base of all the cells. On Day 18 a beginning edema of the stroma is seen, first in patches; by Day 21 it is generalized and the last vestige of the zona pellucida has disappeared. On Day 21 the process of secretion, which began about Day 17, is well advanced. From Day 21 on the signs of hormonal action are seen not primarily in the gla nds but in the stroma and vascular system. Edema has become generalized by Day 21; on Day 23 the stroma cells are larger, more thick-walled, and more numerous; by Day 25 the edema is replaced by masses of contiguous large cells with large pale nuclei and much cytoplasm; and on Day 26 size of the stroma cells has extended so that almost all the interglandu lar cells are contiguous. On Day 27 this solidification of the most sup erficial stroma becomes complete, the glands are widely dilated, the epithelium approaches the cuboidal, the vascular system is highly developed, and the arterioles and venules are engorged with blood. Late on Day 27, just before menstruation, lymphocytes and polymorphonuclear leukocytes appear in great numbers and erythrocytes appear in clumps. T he whole predeciduum is infiltrated, the stroma nuclei become pale, neutrophils appear in large numbers, the tissue disintegrates, and menstruation occurs. Understanding of this normal process can aid in clinical diagnosis of menstrual disorders. A series of biopsies taken with a small surgical curet does little tissue damage and can reveal hormonal imbalance, thin stroma associated with menopause or hypoplastic endometrium, and such pathological conditions as tuberculous endometritis and cancer of the endometrium. In the 3 cases in which a woman with unsuspected early pregnancy was biopsied, no harm was done. This study showed amenorrhea is usually due to deficient follicular development but may be present even if a proliferative endometrium shows a high degree of follicle activity; in the absence of pregnancy there is never a persistent corpus aluteum.",Journal of the American Medical Association,1937-06-12,"['JRock', 'M KBartlett']",1937.0,"['menstrual cycle', 'irregular menstruation', 'menorrhagia', 'heavy menstrual bleeding', 'amenorrhea']"
Menorrhagia: The Results of Radium Treatment-A Follow-Up Study.,,,California and western medicine,1937-08-01,['MSchulze'],1937.0,"['menorrhagia', 'heavy menstrual bleeding']"
Skin and Chemical Tests for Pregnancy.,,,California and western medicine,1937-11-01,"['R DDunn', 'PHoffmann', 'FFouch']",1937.0,['pregnancy test']
The red cell count of macaques in relation to the menstrual cycle.,10.1113/jphysiol.1937.sp003558,,The Journal of physiology,1937-12-14,"['A NGuthkelch', 'SZuckerman']",1937.0,['menstrual cycle']
Rectal Diseases-Particularly the Office Treatment of Hemorrhoids.,,,California and western medicine,1937-12-01,[],1937.0,['hemorrhoids']
SQUAMOUS CELL CARCINOMA OF THE LOWER RECTUM AND ANUS.,10.1097/00000658-193712000-00008,,Annals of surgery,1937-12-01,['E LKeyes'],1937.0,['hemorrhoids']
Hypophyseal tumors induced by estrogenic hormone.,10.1158/ajc.1938.555,"The effects of estradiol benzoate (EB) injection on sexual development and the pituitary gland were studied in 240 immature rats after 16 weeks of treatment. Treatment resulted in eunuchoid dwarfing. Males showed enlargement of the pituitary after 4 months, while in females it remained normal. After continued treatment for 8 months, enormous hypophyseal tumors were observed in 29 of 35 rats of both sexes; 1 animal died as a result of these tumors. No tumor developed in less than 7 months, which suggests that the duration of treatment, rather than the dose, is of primary importance in tumorigenesis. The amount of gonadotropic hormones in the enlarged pituitaries and tumors was the same as in normal pituitaries of control animals, which indicates that it is the utilization, rather than the production, of gonadotropic hormones that is inhibited by EB-induced eunuchoid dwarfs.",The American journal of cancer,1938-01-01,['BZondek'],1938.0,['contraceptive side effects']
Occurrence of cancer in rats treated with oestrone.,,"Rats of relatively low susceptibility to spontaneous carcinoma were studied. The estrone used was crystalline folliculin. Experiment 1 inv olved 12 rats, of which half were ovariectomized at the age of 58 days. All animals received daily vaginal application of a solution of estrone in corn oil from the age of 62 days until death. Hysterectomy was done on some to remove pyometra. Some were painted on the interscapular region 3 times a week with tar. In 2 cases, 3 mg of dry kieselguhr were inserted into 1 mammary gland. In this series, 1 rat killed on the 964th day of life had squamous carcinoma of the vagina, a precancerous lesion of the cervix, and a mammary adenofibroma. Another rat, at the age of 751 days, had a large abscess adherent to the descending colon. In the wall of the abscess a squamous cell carcinoma was found. In other rats of this group, a cervical papilloma and an ileo-caecal lymphosarcoma were found. In the 2nd series, 10 rats were ovariectomized at 106 days of age and silk threads placed in 1 or both uterine horns. All of these rats received daily sc injections of 30 gamma of estrone in corn oil. Some also had silk threads or kieselguhr placed in 1 mammary gland. A rat in this group, killed on Day 293 of life, had a precancerous lesion of the cervix and an abdominal lymphosarcoma. Another rat at the age of 624 days had an adenocarcinoma of the breast and 49 days later an abscess in the lower abdomen. In the wall of the abscess squamous pearls of doubtful malignancy were found. In the same rat there was an area of squamous metaplasia in a breast where kieselguhr had been injected. In a control series of 12 rats injected with corn oil alone or not treated, squamous lesions were found in abscesses of uterine horns of 2 at 753 days. A 3rd series consisted of 12 female rats of which 6 were ovariectomized at the age of 116 days. All received daily injections of 30 gamma estrone. Kieselguhr, 15 mg, was placed in the uterine horns of each animal and 35 mg in the peritoneal cavity of some. A malignant breast tumor developed in 1 rat at the age of 553 days. When estrone injections were stopped, the tumor ceased to grow. Another rat in this group died of abdominal lymphosarcoma. Of 12 rats in the 3 series which survived 500 days or longer and were treated with estrone, 4 developed cancer while of 18 control rats from Series 2 and 3 living 500 days or more only 1 had cancer. Fistulas between the uterus or vagina were found only in estrone-treated rats. In this colony of 121 rats kept without treatment, 55 female and 27 males survived 500 or more days. A submaxillary gland cancer was found in 1 but no other malignant tumors occurred among them. It is concluded that rats treated for long periods with estrone, often toghether with various forms of local irritation, developed malignant tumors more frequently than others of the same colony subjected to other procedures or untreated.",The American journal of cancer,1938-01-01,['C SMceuen'],1938.0,['vaginal pH']
On the proliferative changes taking place in the epithelium of vagina and cervix of mice with advancing age and under the influence of experimentally administered estrogenic hormones.,,"This study describes the gradual changes which take place in the epithelium of vagina and cervix of mice from early to advanced age, with and without the stimulation of estrogen and other hormones, and the eventual transition from normal growth processes to precancerous and cancerous proliferation. With advancing age the average depth of the epithelial processes extending from the surface epithelium into the underlying connective tissue in the vagina and cervix of mice increases. Estrogenic substances injected into these animals causes these processes to reach a greater depth (10.7%) than in noninjected controls (0.8%). Injection of estrogenic substances over long periods of time causes these processes to pass into a precancerous and into a carcinoma-like growth. Mechanical factors may lead to partial erosion of the surface epithelium. Under the influence of intense stimulation leading in the end to carcinoma-like growth processes in the vagina and cervix, morphological potentalities of the tissues may be revealed which under ordinary conditions would remain hidden. These observations confirm that the transitions in the epithelial tissue of vagina, cervix, and uterus are gradual. Further research is needed to investigate the occurrence of spontaneous carcinoma, which is a condition analagous to that seen in the mammary gland.",The American journal of cancer,1938-02-01,"['VSuntzeff', 'E LBurns', 'MMoskop', 'LLoeb']",1938.0,['vaginal pH']
The Mechanism of Headache.,10.1136/bjo.22.3.177,,The British journal of ophthalmology,1938-03-01,[],1938.0,['headache']
Contraception in private practice: a 12 year experience.,10.1001/jama.1938.02790150015005,"Contraception has become an important part of a private general medi cal practice serving mostly suburban middle-class white women. The 884 patients advised were 75% married, mostly Protestant, and generally college educated. 94% were taught the diaphragm and jelly method. Pregnancy rate was 6/100 woman-years of exposure, a reduction of 93-96% over no contraception. 1/2 of the 86 unplanned pregnancies followed errors or omissions that might account for conception. The method had no adverse affect on subsequent planned pregnancies. Of the 136 planned conceptions for which data are available, 1/2 were conceived within 1 month and 3/4 within 3 months.",Journal of the American Medical Association,1938-04-09,"['LDewees', 'G WBeebe']",1938.0,['birth control and mood']
Prolapsed Rectum in a Mare.,,,"Canadian journal of comparative medicine (Gardenvale, Quebec)",1938-04-01,['R ENichols'],1938.0,['hemorrhoids']
Primary Dysmenorrhea: A Local Manifestation of A Constitutional Disease and Its Treatment.,,,California and western medicine,1938-06-01,['MGoldwasser'],1938.0,['dysmenorrhea']
ENDOMETRIOSIS OF THE RECTUM AND SIGMOID: REVIEW OF THE LITERATURE AND CASE REPORT.,10.1097/00000658-193806000-00014,,Annals of surgery,1938-06-01,"['J DSchofield', 'H EBacon']",1938.0,"['endometriosis', 'hemorrhoids']"
Ionization in Allergic Rhinitis.,,,California and western medicine,1938-06-01,['H JHara'],1938.0,['allergic']
Vas deferens anastomosis: successful repair four years subsequent to bilateral vasectomy.,,"A case study of successful anastomosis of the vas 4 years after elective vasectomy is presented. The operation was recommended by reason of emotional depression due to the desire to father children. Anastomosis was accomplished by forcing the freshened, patent ends together with catgut. Live spermatozoa were present in the semen at follow-up examination. The patient's emotional condition improved considerably, and he has subsequently had normal offspring.",The Urologic and cutaneous review,1938-08-01,"['E DTwyman', 'C SNelson']",1938.0,['sexual desire']
LYMPHATIC SPREAD OF CARCINOMA OF THE RECTUM.,10.1097/00000658-193810000-00011,,Annals of surgery,1938-10-01,"['R KGilchrist', 'V CDavid']",1938.0,['hemorrhoids']
"Nissl granules in ""fatigued"" nerve cells.",10.1113/jphysiol.1938.sp003673,,The Journal of physiology,1938-10-14,['E MScarborough'],1938.0,['fatigue']
Discussion and Illustration of Accepted Principles Governing the Allergic Theory.,,,California and western medicine,1938-10-01,[],1938.0,['allergic']
Involved Allergic Reactions.,,,California and western medicine,1938-10-01,[],1938.0,['allergic']
Growth processes induced by estrogenic hormones in the uterus of the mouse.,,"The growth processes induced by estrogenic hormones which take place in the uterus of the mouse are investigated. The uterus and other sex organs were studied in 501 mice including 177 control mice which were not subjected to sex hormones. 3 different strains of mice of ages ranging from 1-20 months were used. Mice were variously injected with 1-100 rat units of estrogen, estrogen and acid extract of cattle anterior pituitary gland, acid extract alone, estrogen and corpus luteum extract (Proluton), and corpus luteum alone. Changes which may take place in the uterus of mice under the influence of estrogen include: 1) the normal one-layered cylindrical epithelium may change into several rows of cylindrical cells or into a partly cylindrical and partly squamous epithelium, or a typical squamous epithelium; 2) gland ducts may become cystically dilated and filled with colloid material; 3) the uterine glands may proliferate and penetrate into and through the muscle tissue; 4) infection may take place; and 5) parts of the pancreas may become adherent to the uterus. In none of the test cases were cancerous changes or even precancerous proliferations found. Reactivity of the uterine epithelial structures to growth stimulation is less than that of the compounding tissues in the vagina, cervix, and mammary gland. Cancerous transformation depends, among other factors, on the product of the intensity of growth stimuli acting on a tissue and the responsiveness of the affected tissue. In a minority of the mice certain changes were observed such as a penetration of the uterine glands into or through the musculature of the uterus and a metaplasia of the cylindrical surface epithelium. In a considerable number of cases, the squamous epithelium owed its origin to regenerative processes which led to an extension of the cervix epithelium into the uterus. Under the influence of estrogen these changes are produced more readily the greater the dosage used and the more continuous the action.",The American journal of cancer,1938-11-01,"['LLoeb', 'VSuntzeff', 'E LBurns']",1938.0,['vaginal pH']
Neurofibroma of the Rectum.,,,California and western medicine,1938-12-01,['M SWoolf'],1938.0,['hemorrhoids']
Catastrophies Following Hemorrhoid Injections.,,,California and western medicine,1939-03-01,['J WMorgan'],1939.0,['hemorrhoids']
PERFORATED WOUND OF THE RECTUM INTO THE POUCH OF DOUGLAS: CAUSED BY IMPALEMENT.,10.1097/00000658-193903000-00009,,Annals of surgery,1939-03-01,"['J HPowers', ""E SO'meara""]",1939.0,['hemorrhoids']
Surface tension and absorption spectrum of female urine over a menstrual cycle.,10.1113/jphysiol.1939.sp003737,,The Journal of physiology,1939-04-14,"['W TEarlam', 'R AMorton']",1939.0,['menstrual cycle']
Urinary Tract Infections: From A General Practice Standpoint: Part I.,,,California and western medicine,1939-04-01,['H CBumpus'],1939.0,['urinary tract infection']
THE GRADING AND PROGNOSIS OF CARCINOMA OF THE COLON AND RECTUM.,10.1097/00000658-193904000-00002,,Annals of surgery,1939-04-01,['R SGrinnell'],1939.0,['hemorrhoids']
Urinary Tract Infections: From a General Practice Standpoint: Part II.,,,California and western medicine,1939-05-01,['H CBumpus'],1939.0,['urinary tract infection']
THE RELATION OF CHRONIC INFLAMMATION AND ESPECIALLY LYMPHOGRANULOMA INGUINALE TO THE DEVELOPMENT OF SQUAMOUS CELL CARCINOMA OF THE RECTUM.,10.1097/00000658-193905000-00015,,Annals of surgery,1939-05-01,"['V CDavid', 'MLoring']",1939.0,['hemorrhoids']
What Can One Expect from Radiation in Carcinoma of the Rectum and Anus?,,,California and western medicine,1939-06-01,['O NMeland'],1939.0,['hemorrhoids']
Effect of Gelatine on Muscular Fatigue.,,,"Canadian journal of comparative medicine (Gardenvale, Quebec)",1939-06-01,[],1939.0,['fatigue']
CARCINOMA OF THE COLON AND RECTUM: DEDUCTIONS FROM EIGHT HUNDRED OPERATIONS.,10.1097/00000658-193907000-00002,,Annals of surgery,1939-07-01,['F HLahey'],1939.0,['hemorrhoids']
Glycin and Muscular Fatigue.,,,California and western medicine,1939-07-01,['W HManwaring'],1939.0,['fatigue']
Observations on rats treated with the sex hormones estrin and testosterone.,,"The occurrence of 3 tar cancers of the skin, 1 uterine cancer, and 1 gastric cancer are reported in rats fed with an estrin product obtained from pregnancy urine. A tar cancer is recorded in 1 control rat. Whereas in rats injected with estrone for long periods, carcinoma of the genital tract and breast occurred accompanied by other usual estrin effects, it appears that with prolonged injection of testosterone, the females went into permanent vaginal diestrus, the pituitary weights were not above normal limits, somatic growth was not inhibited, and the predominant neoplastic lesions were fibrous tissue tumors in injected areas, some of which became sarcomatous.",The American journal of cancer,1939-08-01,['C SMceuen'],1939.0,['vaginal pH']
Congenital Malformations of the Rectum and Anus: Their Surgical Treatment.,,,California and western medicine,1939-08-01,['L RChandler'],1939.0,['hemorrhoids']
Urinary Tract Infections in the New born.,,,California and western medicine,1939-09-01,['W MHapp'],1939.0,['urinary tract infection']
SERUM LIPOIDS AND PROTEINS IN HYPOTHYROIDISM.,10.1172/JCI101090,,The Journal of clinical investigation,1939-11-01,"['E FGildea', 'E BMan', 'J PPeters']",1939.0,['hypothyroidism']
Headaches: From the Point of View of the Otolaryngologist.,,,California and western medicine,1939-12-01,['H JCohn'],1939.0,['headache']
Headaches: From the Point of View of the Ophthalmologist.,,,California and western medicine,1939-12-01,['W DHorner'],1939.0,['headache']
Headaches of Chronic or Recurring Type: Considered from the Viewpoint of the Internist.,,,California and western medicine,1939-12-01,"['D LWilbur', 'L RFrench']",1939.0,['headache']
"Effect of acetylcholine, prostigmine, potassium and fatigue on the crossed extensor reflex and on its reflex inhibition in the toad.",10.1113/jphysiol.1940.sp003814,,The Journal of physiology,1940-01-15,['CTorda'],1940.0,['fatigue']
"Cyclic changes in cervical mucus, and its practical importance.",,"Papers surveying the fate of spermatozoa in the various regions of the woman's reproductive tract and correlating the cycle of mucus with other cyclic sexual phenomena led to a study on some practical problems associated with variations in cervical mucus. Samples were aspirated fr om the normal external os of sterile, amenorrheic, pregnant, and menopau sal women. Stilbestrol therapy definitely affected the character of cervical mucus in sterile and menopausal women changing it from acid and impenetrable to alkaline and readily penetrable. Upon discontinuation o f stilbestrol, the mucus returned to an impenetrable acid. 14 cervical mucus specimens from pregnant women were observed. In all instances muc us was slightly penetrable but the pH varied from 4.5 to 7.5 making supe rfetation an unlikely possibility. 20 menopausal preestrogenic therapy patients had scant or moderate viscid or crumbly cervical mucus with a pH of 4.5. Mucus was impenetrable to semen in each case. Estrogen ther apy noticeably altered the mucus. These observations indicate that dete rmination of mucus responses will be more exact and simple than the vagi nal smear technique.",Human fertility,1940-02-01,"['A FGuttmacher', 'L BShettles']",1940.0,"['irregular menstruation', 'amenorrhea', 'contraceptive side effects', 'menopause hormone therapy']"
Pseudomucinous Cyst of Ovary with Associated Ovarian Dermoid.,,,California and western medicine,1940-03-01,['H EBowles'],1940.0,['ovarian cyst']
Granuloma Venereum Involving the Rectum and Colon.,,,California and western medicine,1940-04-01,"['WCrane', 'H SKimball']",1940.0,['hemorrhoids']
Ephedrin Administration in Allergic Individuals: A Suggested Innovation.,,,California and western medicine,1940-04-01,['JCohn'],1940.0,['allergic']
THE NATURE OF THE ANTI-ALOPECIA FACTOR.,10.1126/science.92.2391.384-a,,"Science (New York, N.Y.)",1940-10-25,['D WWoolley'],1940.0,"['hair loss', 'alopecia']"
"The Treatment of Sciatica, Brachialgia, and Occipital Headache.",10.1136/ard.2.2.77,,Annals of the rheumatic diseases,1940-12-01,['RStockman'],1940.0,['headache']
A simplified estimation of lactate in muscle.,10.1042/bj0350538,,The Biochemical journal,1941-04-01,"['R EJohnson', 'A NBarger']",1941.0,['fatigue']
ALLERGIC ECZEMA OF INFANCY AND CHILDHOOD: APPLICATION OF SKIN TESTING.,,,California and western medicine,1941-05-01,"['HMiller', 'GPiness', 'W FSmall']",1941.0,['allergic']
MAGNESIUM PARTITION STUDIES IN GRAVES' DISEASE AND IN CLINICAL AND EXPERIMENTAL HYPOTHYROIDISM.,10.1172/JCI101238,,The Journal of clinical investigation,1941-07-01,"['L JSoffer', 'CCohn', 'E BGrossman', 'MJacobs', 'HSobotka']",1941.0,['hypothyroidism']
RECURRENT CARCINOMA OF THE RECTUM.,10.1097/00000658-194107000-00008,,Annals of surgery,1941-07-01,['F SJohns'],1941.0,['hemorrhoids']
STUDIES ON BLOOD HISTAMINE IN PATIENTS WITH ALLERGY. II. ALTERATIONS IN THE BLOOD HISTAMINE IN PATIENTS WITH ALLERGIC DISEASE.,10.1172/JCI101237,,The Journal of clinical investigation,1941-07-01,['BRose'],1941.0,['allergic']
ENDOMETRIOSIS-ITS SIGNIFICANCE.,10.1097/00000658-194111000-00007,,Annals of surgery,1941-11-01,['J VMeigs'],1941.0,['endometriosis']
Intradermal Test for Pregnancy.,,,Canadian journal of comparative medicine and veterinary science,1941-11-01,['C ABarker'],1941.0,['pregnancy test']
SOME PROPERTIES OF HUMAN FETAL AND MATERNAL BLOOD.,10.1172/JCI101267,,The Journal of clinical investigation,1941-11-01,"['R CDarling', 'C ASmith', 'EAsmussen', 'F MCohen']",1941.0,['fatigue']
Allergic Keratoconjunctivitis.,,,Transactions of the American Ophthalmological Society,1942-01-01,"[""C SO'brien"", 'J HAllen']",1942.0,['allergic']
Simplified hormonal treatment of amenorrhea.,10.1001/jama.1942.02830090023006,"Hormonal treatment for women with primary and secondary amenorrhea is described. In secondary amenorrhea of more than 2 years' duration, 50 mg of progesterone is injected for 2-5 days. For secondary amenorrhea of less than 2 years' duration, 25 mg of progesterone with 2.5-5 mg of estradiol benzoate is injected over a 5-days period. This method of treatment may be further simplified by the oral administration of pregnen-in-on-ol instead",Journal of the American Medical Association,1942-02-28,['BZondek'],1942.0,"['irregular menstruation', 'amenorrhea', 'contraceptive side effects']"
FERRITIN AND APOFERRITIN.,10.1126/science.95.2469.439,,"Science (New York, N.Y.)",1942-04-24,"['SGranick', 'LMichaelis']",1942.0,['ferritin']
EXTENSION OF THE BORDER LINE OF OPERABILITY IN CANCER OF THE RECTUM.,10.1097/00000658-194204000-00008,,Annals of surgery,1942-04-01,"['V CDavid', 'R KGilchrist']",1942.0,['hemorrhoids']
THE RELATION OF URINARY CITRIC ACID EXCRETION TO THE MENSTRUAL CYCLE AND THE STEROIDAL REPRODUCTIVE HORMONES.,10.1126/science.95.2476.606,,"Science (New York, N.Y.)",1942-06-12,"['EShorr', 'A RBernheim', 'HTaussky']",1942.0,['menstrual cycle']
UROLOGIC COMPLICATIONS OF CANCER OF THE RECTUM.,10.1097/00000658-194207000-00002,,Annals of surgery,1942-07-01,"['T FMullen', 'PLestrohan']",1942.0,['hemorrhoids']
THE LYMPHATIC AND VENOUS SPREAD OF CARCINOMA OF THE RECTUM.,10.1097/00000658-194208000-00005,,Annals of surgery,1942-08-01,['R SGrinnell'],1942.0,['hemorrhoids']
[Reactivation and provocation in the serodiagnosis of syphilis].,,,Progressi di terapia,1942-11-01,['LTOMMASI'],1942.0,['sexually transmitted infection']
Tumors of the Rectum.,,,California and western medicine,1942-11-01,['K ESmiley'],1942.0,['hemorrhoids']
Traumatic Perforation of the Bladder Through the Rectum.,,,California and western medicine,1943-01-01,['F RGuido'],1943.0,['hemorrhoids']
THE EFFECTIVE STIMULUS FOR INCREASED PULMONARY VENTILATION DURING MUSCULAR EXERTION.,10.1172/JCI101368,,The Journal of clinical investigation,1943-01-01,"['J MBarman', 'M FMoreira', 'FConsolazio']",1943.0,['fatigue']
"Recurring Attacks of Concomitant Exotropia, Each Followed by Transient Esotropia-Migraine the Probable Cause.",,,Transactions of the American Ophthalmological Society,1943-01-01,['F HVerhoeff'],1943.0,['migraine']
Hypothyroidism - Latent Symptoms.,,,California and western medicine,1943-02-01,['W AReilly'],1943.0,['hypothyroidism']
LATE INVASION OF BLADDER AND PROSTATE IN CANCER OF THE RECTUM OR RECTO SIGMOID FOLLOWING ABDOMINO-PERINEAL RESECTION.,10.1097/00000658-194303000-00012,,Annals of surgery,1943-03-01,['G DOppenheimer'],1943.0,['hemorrhoids']
THE TREATMENT OF POSTOPERATIVE HYPOPROTEINEMIA IN PATIENTS WITH CANCER OF THE COLON AND RECTUM.,10.1097/00000658-194305000-00012,,Annals of surgery,1943-05-01,"['G EBinkley', 'J CAbels', 'C PRhoads']",1943.0,['hemorrhoids']
"THE SPREAD OF CARCINOMA OF THE RECTUM: INVASION OF LYMPHATICS, VEINS AND NERVES.",10.1097/00000658-194311810-00005,,Annals of surgery,1943-07-01,"['P HSeefeld', 'J ABargen']",1943.0,['hemorrhoids']
Bloat in Cattle and Sheep: Recommendations for Prevention.,,,Canadian journal of comparative medicine and veterinary science,1943-09-01,[],1943.0,['bloating']
THE RELATION OF GASTRIC FUNCTION TO NAUSEA IN MAN.,10.1172/JCI101462,,The Journal of clinical investigation,1943-11-01,['SWolf'],1943.0,['nausea']
EXPERIMENTAL STUDIES ON HEADACHE: PHARMACODYNAMICS OF URINE EXCRETED DURING MIGRAINE HEADACHE AND ITS RELATION TO 17-KETOSTEROID CONTENT.,10.1172/JCI101459,,The Journal of clinical investigation,1943-11-01,"['CTorda', 'H GWolff']",1943.0,"['headache', 'migraine']"
The effectiveness of a simple contraceptive method.,,"An investigation was undertaken in South Carolina to test acceptability and effectiveness of spermicidal jelly under the severest conditions. The majority of patients were Negroes from an exclusively rural area. The majority of pregnancies occurred during the program's first and third 6 months as promoted by inefficiency of a field worker and use irregularity respectively. 41 patients were lost to follow-up. 65 patients (14.3%) refused service leaving 84% of the 452 patients to w hom it was offered accepting the method. There were no voluntary pregna ncies and only 13.1% of those who became pregnant claimed regular use of the contraceptive. An 85% acceptability rate and effectiveness rate of more than 90% reduction in fertility by regular users was observed. Husband objection was based on superstition that interference with natural processes would impair virility. The materials studied were free from harmful or irritating qualities. When compared with the precl inic pregnancy rate, this contraceptive method's usefulness is clearly revealed.",Human fertility,1944-06-01,['R ESeibels'],1944.0,['pregnancy test']
Conception control by plastic cervix cap.,,"The cervical cap whose plastic dome adheres to the vaginal fornices is as effective a contraceptive device as the vaginal diaphragm when self-inserted. It provides continuous harmless protection throughout the menstrual cycle provided patients are properly selected and their tolerance verified. Inflammatory complications and development of cervical carcinoma have been absent in women using these caps. The accumulation of menstrual fluid has been reported causing abdominal discomfort or relapse of old adnexal infections. The best practice is to leave the device in place overnight following coitus or to remove it after coitus and douche immediately. Demand and satisfaction on the part of clientele who choose the cap over other methods indicate that it holds potential for individual acts of coitus, for protracted lengths of time in the vagina and for special indications.","Western journal of surgery, obstetrics, and gynecology",1944-08-01,"['EGrafenberg', 'R LDickinson']",1944.0,['menstrual cycle']
F(1) AND F(2) OF NAJJAR AND HOLT IN THE URINE OF NORMAL YOUNG MEN.,10.1172/JCI101543,,The Journal of clinical investigation,1944-09-01,"['FSargent', 'PRobinson', 'R EJohnson', 'MCastiglione']",1944.0,['fatigue']
"Inflammatory Stricture of the Rectum: An Analysis of 192 Cases, Including 35 Treated by Rectosigmoid Resection.",10.1097/00000658-194410000-00015,,Annals of surgery,1944-10-01,"['F MWoods', 'C RHanlon']",1944.0,['hemorrhoids']
Multiple Polypoid Disease of the Colon and Rectum.,10.1097/00000658-194501000-00007,,Annals of surgery,1945-01-01,"['H LPugh', 'J PNesselrod']",1945.0,['hemorrhoids']
The Submucosal Morcellation of Hemorrhoids.,10.1097/00000658-194502000-00012,,Annals of surgery,1945-02-01,"['H BBenjamin', 'H WAhrenberger', 'C JFairless']",1945.0,['hemorrhoids']
SERUM IODINE IN HYPOTHYROIDISM BEFORE AND DURING THYROID THERAPY.,10.1172/JCI101658,,The Journal of clinical investigation,1945-09-01,"['A WWinkler', 'D SRiggs', 'E BMan']",1945.0,['hypothyroidism']
The Management of War Injuries of the Extraperitoneal Rectum.,10.1097/00000658-194509000-00006,,Annals of surgery,1945-09-01,"['E JCroce', 'V SJohnson', 'T BWiper']",1945.0,['hemorrhoids']
Carcinoma of the Rectum.,,,California and western medicine,1945-11-01,['W HDaniel'],1945.0,['hemorrhoids']
Anatomical Demonstration of the Anovulatory Menstrual Cycle.,,,California and western medicine,1945-12-01,['G LLaqueur'],1945.0,['menstrual cycle']
Headaches from Lesion of Scalp Nerves.,,,Annals of surgery,1945-12-01,['F EKredel'],1945.0,['headache']
[Gastric folds giving the false image of a double ureter].,,,Journal d'urologie medicale et chirurgicale,1946-01-01,"['GWOLFRAMM', 'CDUPONT']",1946.0,['urinary tract infection']
[Two cases of hypertrophic testicular syphilis].,,,Journal d'urologie medicale et chirurgicale,1946-01-01,"['RKUSS', 'CGOUYGOU']",1946.0,['sexually transmitted infection']
[Treatment of gonorrhea with delayed penicillin].,,,Journal d'urologie medicale et chirurgicale,1946-01-01,"['NoneBARBELLION', 'NoneSIBOULET']",1946.0,['sexually transmitted infection']
[Contribution to the pathology and pathomorphism of syphilis; represents the course of a disease with a different course].,,,Archiv fur Dermatologie und Syphilis,1946-01-01,['RGADEKE'],1946.0,['sexually transmitted infection']
[Tuberculosis and syphilis].,,,Archiv fur Dermatologie und Syphilis,1946-01-01,['HSCZUKA'],1946.0,['sexually transmitted infection']
[Forerunner of Ricords in the staging of syphilis].,,,Archiv fur Dermatologie und Syphilis,1946-01-01,['WSCHONFELD'],1946.0,['sexually transmitted infection']
[Infectious and congenital diseases; Syphilis and rubella].,,,Diagnostics & traitements,1946-01-01,['P EMORHARDT'],1946.0,['sexually transmitted infection']
Protein Apoferritin and Ferritin in Iron Feeding and Absorption.,10.1126/science.103.2665.107,,"Science (New York, N.Y.)",1946-01-25,['SGranick'],1946.0,['ferritin']
[Medical treatment of narrowing of the rectum].,,,Diagnostics & traitements,1946-01-01,['ABENSAUDE'],1946.0,['hemorrhoids']
"The effect of substrate concentration, pH and other factors upon the activity of carbonic anhydrase.",10.1042/bj0400319,,The Biochemical journal,1946-01-01,"['F JRoughton', 'V HBooth']",1946.0,['fatigue']
The manometric determination of the activity of carbonic anhydrase under varied conditions.,10.1042/bj0400309,,The Biochemical journal,1946-01-01,"['F JRoughton', 'V HBooth']",1946.0,['fatigue']
[Bee sting poisoning as an allergic disease; on the importance of the Prausnitz-Küstner experiment for the diagnosis of allergic symptoms].,,,Archiv fur Dermatologie und Syphilis,1946-01-01,['GACKERMANN'],1946.0,['allergic']
The clinical use of oral basal temperatures.,,"An accurate record of oral basal temperatures, taken every morning b efore beginning any activity, can provide pertinent data on ovarian acti vity and ovulation. Oral temperatures are just as reliable as rectal or ovarian temperatures and are more acceptable to the patient. Basal temperature graphs collected from 500 patients over a 2-year period show a definite temperature drop followed by a pronounced rise at time of ovulation; in many cases vaginal smears, endometrial biopsies, and operative material confirmed this phenomena. The higher level continues through the later half of the cycle, dropping sharply just before menstruation. When pregnancy occurs the basal temperature remains at the postovulatory level through the 1st few months of gestation. It then drops but does not return to the preovulatory level until after delivery. Postpartum basal temperature curves indicate that the 1st bleeding period is rarely ovulatory while the 2nd menstrual period is associated with ovulation in about 1/2 the patients. A basal temperature curve should be part of every sterility study; it is the simplest device for ascertaining ovarian activity and dating ovulation. In 75% of sterility cases determining time of ovulation has resulted in conception. Basal body temperatures which continue elevated provide the most accurate early data concerning pregnancy. During the 1st week of a missed menstrual period the failure of the temperature to drop strongly indicates possible pregnancy. Patients with characteristically irregular periods will not yield as much information through temperature curves. Basal temperatures are reliable indexes of ovarian activity in at least 3 out of 4 women. In the 4th the curve is so atypical with irregular readings at intervals that no accurate interpretation of physiological changes can be made. In addition to fertility studies and indications of pregnancy, basal temperatures can aid in conception control by pinpointing time of ovulation. The woman is to refrain from intercourse from the preovulatory drop until 36-48 hours after the ovulatory rise has reached a plateau. This system has also helped women avoid conception in the menopausal period. 1 group followed their basal temperatures during the climacteric. Fewer and fewer periods were associated with ovulation and when bleeding ceases entirely the curve assumes the typical diurnal pattern seen in the male for ovarian activity is at a low ebb.",Journal of the American Medical Association,1946-04-06,['M EDavis'],1946.0,"['menstrual cycle', 'irregular menstruation', 'vaginal pH']"
Thiamine Deficiency and High Estrogen Findings in Uterine Cancer and in Menorrhagia.,10.1126/science.103.2676.441,"The finding of abnormal estrogenic activity coupled with thiamine deficiency in cases of menorrhagia and uterine cancer suggests a possible etiological correlation between the dietary deficiency, the abnormal estrogen level, and the pathological lesion. The specific element deficient in these cases was thiamine, while the other B factors were normal. Preliminary report of the evidence is made in this small series while more extensive studies on a large series of cases are being pursued. Cornification in cytology smears was used to study estrogenic activity, since the present study was prompted by cytological findings; the method is simple, practical, and reasonably accurate. The urinary estimation measures only the amount excreted, and if liver impairment actually is present, the quantity excreted would not give a true index of the amount retained in the body. Further studies are being undertaken in which estrogenic, urinary, and cornification levels are being compared before and after thiamine administration in cases proven to be deficient.","Science (New York, N.Y.)",1946-04-12,"['J EAyre', 'W ABauld']",1946.0,"['menorrhagia', 'heavy menstrual bleeding']"
Restoration of Continuity after Resection of the Rectum.,,,Annals of surgery,1946-05-01,['HMahorner'],1946.0,['hemorrhoids']
Coincident Removal of Additional Structures in Resections for Carcinoma of the Colon and Rectum.,,,Annals of surgery,1946-06-01,['E DSugarbaker'],1946.0,['hemorrhoids']
Cancer of endometrium and prolonged estrogen therapy.,,"A causal link between prolonged estrogen (E) therapy and endometrial cancer is argued for in this report of a case who was treated with large amounts of estrogenic substances almost continuously for an 8-year period. In 1919 a 25-year-old woman was admitted with asthma of 1-year duration. Asthma onset had been very severe, requiring administration of epinephrine hydrochloride every few hours and frequent hospital observation. In 1928, the patient was amenorrheic for 8 months; in 1936, she experienced amenorrhea for 4 months. In 1937 (patient now 45 years old), the relationship between amenorrhea and increased severity of asthma was suspected. At this time, the patient also complained of hot flashes and sweats. Treatment with estrogenic substances was begun in 1937 and continued through 1945. 3 unusual features were noted during therapy: 1) persistence of hot flashes; 2) persistence of high urine titers of follicle stimulating hormone (FSH) despite adequate E doses; and 3) absence of bleeding when E was temporarily withdrawn. By 1945, endometrial cancer had been identified by vaginal smear and verified by biopsy. Because of the previous absence of respose of FSH to prolonged E therapy, Es were omitted for 4 weeks, and after this period the vaginal smear showed complete absence of intrinsic estrogenic stimulation, and the urine titer of FSH was high. E given for 10 days caused moderate pituitary inhibition. Determination of 17-keto-steroids made before and after therapy was abnormally low. Except for the state of chronic illness and the continuous administration of asthma medication (chronic alarm reaction?), there is no explanation of carcinoma grade 2.",Journal of the American Medical Association,1946-07-06,"['MFremont-smith', 'J VMeigs', 'R MGraham', 'H HGilbert']",1946.0,"['irregular menstruation', 'amenorrhea', 'vaginal pH', 'hot flashes']"
Changes in intestinal tone and motility associated with nausea and vomiting.,,,The Journal of physiology,1946-07-15,['R AGregory'],1946.0,['nausea']
Streptomycin in Surgical Infections: II. Infections of the Genito-urinary Tract.,,,Annals of surgery,1946-08-01,['E JPulaski'],1946.0,['urinary tract infection']
Enterogenous Cysts: Report of Case Involving the Rectum.,,,Annals of surgery,1946-09-01,"['B SCuster', 'AKellner', 'H MEscue']",1946.0,['hemorrhoids']
"ANTI-ALLERGIC ""BLOCKADE"".",,,California medicine,1946-09-01,['W HManwaring'],1946.0,['allergic']
DIAGNOSTIC PROBLEMS IN LUETIC CARDIOVASCULAR DISEASE.,,,California medicine,1946-11-01,"['S PLucia', 'W NSears']",1946.0,['sexually transmitted infection']
Vitamin-C test for ovulation.,,"Studies have indicated that when Vitamin-C is administered the amount exceeding bodily requirements is excreted in the urine; this amount is lowest on the day presumed to be the day of ovulation. A test involving ingestion of 200 mg of Vitamin-C per day revealed the following: 1) in men, in anovulatory cycles in women and during illness a pronounced peak is absent; 2) in multiovulatory cycles 2 or more peaks may be seen; 3) administration of estradiol results in lower amounts of Vitamin-C excretion; the opposite of this action occurs in early pregnancy and pituitary hypofunction; and 4) injection of estradiol can produce artificial peaks. These observations suggest that ovulation frequently occurs 15 days before the next menses, but it occasionally occurs 1 or 2 days earlier or later. The causes for the peak and the correlation between sex activity and ovulation need to be studied.",Human fertility,1946-12-01,['A PPillay'],1946.0,['pregnancy test']
Vaginal Absorption of Penicillin.,10.1126/science.105.2714.13,"Except during the last two months of pregnancy, penicillin is easily absorbed from cocoa butter suppositories in the vagina, ordinarily to give therapeutic blood levels for from 4 to 6 hours. Penicillin in the dosage used seems to have a good effect on vaginal infections. In nonpregnant women, during the ovulation phase, considered as including days 14 +/- 2 in the ordinary menstrual cycle of about 28 days, absorption seemed to be somewhat diminished. Higher levels were found in patients who were near the end of their menstrual cycles and in two patients who were menopausal. Patients who were very near term absorbed little or no penicillin, whereas patients 10 days post partum showed excellent absorption.","Science (New York, N.Y.)",1947-01-03,"['JRock', 'R HBarker', 'W BBacon']",1947.0,['menstrual cycle']
Sclerocystic ovaries associated with correctable sterility and oligomenorrhea.,,,Proceedings. American Federation for Clinical Research,1947-01-01,"['R WSCHNIEDER', 'RKEHM', 'M LBINDER']",1947.0,"['menstrual cycle', 'irregular menstruation', 'ovarian cyst', 'polycystic ovary syndrome']"
[Evolutionary menstrual breakouts of tuberculosis patients].,,,Revue de la tuberculose,1947-01-01,"['PMANNES', 'RPRIEST']",1947.0,"['menstrual cycle', 'irregular menstruation']"
[About the effect of penicillin on the menstrual cycle].,,,Dermatologische Wochenschrift,1947-01-01,['NoneBLAICH'],1947.0,['menstrual cycle']
[Treatment of obstinate secondary amenorrhea with transfusions of blood of pregnant women].,,,Akusherstvo i ginekologiia,1947-01-01,"['G ABAKSHIN', 'Z FVEIKHER']",1947.0,"['irregular menstruation', 'amenorrhea']"
"[Some considerations on enterococcal disease, with their locations on the urinary tract].",,,Acta urologica,1947-01-01,['LSTROMINGER'],1947.0,['urinary tract infection']
Bacteriological and clinical studies on streptomycin therapy with observations on the pathogenesis of urinary tract infections.,,,Proceedings. American Federation for Clinical Research,1947-01-01,"['MMICHAEL', 'P BBEESON']",1947.0,['urinary tract infection']
[Postoperative treatment of urogenital tuberculosis in Switzerland and England; impressions from a study trip].,,,Archivos espanoles de urologia,1947-01-01,['ELJUNGGREN'],1947.0,['urinary tract infection']
The why of pus and blood in the urine.,,,The Journal of the Tennessee State Medical Association. Tennessee State Medical Association,1947-01-01,['G RLIVERMORE'],1947.0,['urinary tract infection']
[Hydro-mineral treatment in urinary tree infections].,,,Toulouse medical,1947-01-01,['JSAVOURET'],1947.0,['urinary tract infection']
[Detection and differential diagnosis of hematuria and pyuria].,,,Bruns' Beitrage zur klinischen Chirurgie,1947-01-01,['HKREMLING'],1947.0,['urinary tract infection']
Tumors in Intrasplenic Ovarian Transplants in Castrated Mice.,10.1126/science.105.2714.13-a,,"Science (New York, N.Y.)",1947-01-03,"['M HLi', 'W UGardner']",1947.0,['vaginal pH']
[Ciste suppurative ovarian cancer].,,,"Boletim do Sanatorio Sao Lucas. Sao Paulo, Brazil (City) Sanatorio Sao Lucas",1947-01-01,['NoneDOMINGOS SCALISE'],1947.0,['ovarian cyst']
[Bladder endometriosis].,,,Zentralblatt fur Gynakologie,1947-01-01,['NoneCORDUA'],1947.0,['endometriosis']
[Recurrence of bilateral ovarian endometriosis after castration; favorable action of testosterone].,,,Gynecologie et obstetrique,1947-01-01,['EDELANNOY'],1947.0,['endometriosis']
[For the genesis of bladder endometriosis associated with bladder growths].,,,Zentralblatt fur Gynakologie,1947-01-01,['KEVELBAUER'],1947.0,['endometriosis']
[To the clinic and the development of bladder endometriosis].,,,Zentralblatt fur Gynakologie,1947-01-01,['KHEIM'],1947.0,['endometriosis']
Endometriosis.,,"The cause of endometriosis is not known. The incidence of the disease is greater than was previously suspected and it probably is increasing. Nulliparous women are more likely to have endometriosis than are women who have had children. The commonest symptoms are lower abdominal pain, disturbance of menstruation, and dysmenorrhea, most often of the increasing or acquired type. Relative and absolute sterility are common partners of endometriosis.A better percentage of correct preoperative diagnoses should be obtained in view of present knowledge.Radical operation on women in the premenopausal age groups with endometriosis is resorted to in far too high a percentage of cases. The good results which can be attained with conservative therapy, including surgical and hormone therapy, should be stressed. There is some evidence that endocrine therapy may control endometriosis. The dangers attending these methods have not as yet been determined.",Transactions of the Southern Surgical Association. Southern Surgical Association (U.S.),1947-01-01,['J VMEIGS'],1947.0,"['endometriosis', 'menstrual cycle', 'irregular menstruation', 'dysmenorrhea', 'pelvic pain', 'combined oral contraceptives', 'painful intercourse', 'dyspareunia', 'menorrhagia', 'heavy menstrual bleeding']"
[Tuberculosis and adenofibroma of the mammary gland].,,,Archivio italiano di anatomia e istologia patologica,1947-01-01,['MCANAVERO'],1947.0,['fibroadenoma']
[Diagnosis and treatment of cancer of the breast].,,,Polski tygodnik lekarski,1947-01-01,['TKOSZAROWSKI'],1947.0,['breast cancer screening']
[Three clinical cases of tireo-paratireoprivas cataracts].,,,Archivos. Asociacion para Evitar la Ceguera en Mexico,1947-01-01,"['ROLIVERA LOPEZ', 'ELOPEZ QUINONES', 'VRAMIREZ ESTEVA']",1947.0,['hypothyroidism']
[Myxedema due to thyroid depletion].,,,La Semana medica,1947-01-01,"['SSCHNITMAN', 'RPESINO']",1947.0,['hypothyroidism']
Myopia and Hypothyroidism.,,,Transactions of the American Ophthalmological Society,1947-01-01,['F MMorrison'],1947.0,['hypothyroidism']
[A new direction in France in the fight against venereal diseases].,,,La Presse medicale,1947-01-18,"['HGOUNELLE', 'PGIRAULT']",1947.0,['sexually transmitted infection']
[Penicillin and gonococci according to 600 observations collected in Lille; the beginnings of the Pico-Resistance].,,,La Presse medicale,1947-01-11,"['CHURIEZ', 'MDESURMONT']",1947.0,['sexually transmitted infection']
"""Fever of unknown origin"" due to lymphogranuloma venereum; report of a case with diagnosis by the use of quantitative complement-fixation tests.",10.1056/NEJM194801082380202,,The New England journal of medicine,1947-01-08,['N MLuger'],1947.0,['sexually transmitted infection']
[Origin of the word syphilis].,,,La Presse medicale,1947-01-04,['BDUJARDIN'],1947.0,['sexually transmitted infection']
Pulmonary syphilis; course of mapharside; recovery.,,,Proceedings. Transvaal Mine Medical Officers' Association,1947-01-01,['S VHUMPHRIES'],1947.0,['sexually transmitted infection']
[The diagnosis and treatment methods of syphilis].,,,Dermatologische Wochenschrift,1947-01-01,['NoneHAMEL'],1947.0,['sexually transmitted infection']
[Treatment outcomes in female gonorrhea].,,,Dermatologische Wochenschrift,1947-01-01,['NoneDODERLEIN'],1947.0,['sexually transmitted infection']
[Surgical treatment of lymphogranuloma venereum inguinale].,,,Dermatologische Wochenschrift,1947-01-01,['NoneSCHMID'],1947.0,['sexually transmitted infection']
[Experience in gonorrhea treatment with penicillin-schott].,,,Dermatologische Wochenschrift,1947-01-01,['NoneSTURM'],1947.0,['sexually transmitted infection']
[Syphilis of the maxillary sinus].,,,Revue de laryngologie - otologie - rhinologie,1947-01-01,['YGUERRIER'],1947.0,['sexually transmitted infection']
On the use of penicillin emulsion in the treatment of gonorrhoea.,,,Annales medicinae experimentalis et biologiae Fenniae,1947-01-01,['EUROMA'],1947.0,['sexually transmitted infection']
"[Animal experiments on the spread and fixation of microbes (colibacilli, streptococci, gonococci, tubercle bacilli) in the organism with special consideration of the trauma].",,,Schweizerische Zeitschrift fur Pathologie und Bakteriologie. Revue suisse de pathologie et de bacteriologie,1947-01-01,"['GMIESCHER', 'CBOHM']",1947.0,['sexually transmitted infection']
[The new methods of treating syphilis].,,,La Medicina internazionale,1947-01-01,['MTRUFFI'],1947.0,['sexually transmitted infection']
[Chronic hereditary-syphilitic rheumatism cured by specific treatment in a child].,,,Archives francaises de pediatrie,1947-01-01,['NoneFERRU'],1947.0,['sexually transmitted infection']
[Syphilis of the newborn in the form of Manouélian with survival].,,,Gynecologie et obstetrique,1947-01-01,['RMAHON'],1947.0,['sexually transmitted infection']
"Penicillin in syphilis, a 1947 appraisal.",,,Transactions of the Association of American Physicians,1947-01-01,['J EMOORE'],1947.0,['sexually transmitted infection']
[Control of venereal diseases in Anglo-Saxon countries].,,,Polski tygodnik lekarski,1947-01-01,['JFEINER'],1947.0,['sexually transmitted infection']
[Sulfonamides in treatment of Gonorrhea].,,,Polski tygodnik lekarski,1947-01-01,['RMICHAŁOWSKI'],1947.0,['sexually transmitted infection']
[Results in the treatment of gonorrhea with sulphanilamides].,,,Polski tygodnik lekarski,1947-01-01,['RMICHALOWSKI'],1947.0,['sexually transmitted infection']
[Importance of otolaryngology examination in the detection of syphilis].,,,Acta oto-rhino-laryngologica Belgica,1947-01-01,['JCHALMAGNE'],1947.0,['sexually transmitted infection']
[Heterophilic hemagglutination and syphilis; the luetic infection in the pathogenesis of the heterophilic hemagglutinating power of the sera].,,,"Archivio italiano di dermatologia, sifilografia, e venereologia",1947-01-01,"['DMARIOTTI', 'VRIZZI']",1947.0,['sexually transmitted infection']
[On the visible influence of high percentage sulfonamide instillation on the tissue of the newborn in gonoblennorrhea].,,,Klinische Monatsblatter fur Augenheilkunde und fur augenarztliche Fortbildung,1947-01-01,['EBRUENS'],1947.0,['sexually transmitted infection']
[Did the brown bowl-shaped lens clouding develop in Lues congenita intrauterin?].,,,Klinische Monatsblatter fur Augenheilkunde und fur augenarztliche Fortbildung,1947-01-01,['WHALLERMANN'],1947.0,['sexually transmitted infection']
The effect of sulfonamide therapy on the persistence of the virus of lymphogranuloma venereum in buboes.,,,Proceedings. American Federation for Clinical Research,1947-01-01,"['AHEYMAN', 'JWALL', 'P BBEESON']",1947.0,['sexually transmitted infection']
Recent advances in the treatment of syphilis in pregnancy.,,,The Middlesex Hospital journal,1947-01-01,['E EPHILIPP'],1947.0,['sexually transmitted infection']
[Foundations of the relationship between prostitution and venereal areas].,,,Higiene sanitaria,1947-01-01,['OSOTO CADENILLAS'],1947.0,['sexually transmitted infection']
[Some statistical and educational considerations on the venereal problem in Panama].,,,Higiene sanitaria,1947-01-01,['G EBELENO C'],1947.0,['sexually transmitted infection']
Syphilis.,,,"Rapport sur le fonctionnement technique. Cayenne, French Guiana. Institut Pasteur de la Guyane francaise et de l'Inini",1947-01-01,[],1947.0,"['sexually transmitted infection', 'pregnancy test']"
[Soft Chancre].,,,"Rapport sur le fonctionnement technique. Cayenne, French Guiana. Institut Pasteur de la Guyane francaise et de l'Inini",1947-01-01,[],1947.0,['sexually transmitted infection']
[Treatment of congenital syphilis with penicillin].,,,Actas dermo-sifiliograficas,1947-01-01,['J MDE LAS OBRAS Y LOSCERTALES'],1947.0,['sexually transmitted infection']
[Treatment of gonorrhea with a massive single injection of penicillin].,,,Actas dermo-sifiliograficas,1947-01-01,['NoneLOBATO'],1947.0,['sexually transmitted infection']
[On syphilis in French Guiana].,,,Bulletin de la Societe de pathologie exotique et de ses filiales,1947-01-01,"['HFLOCH', 'PDE LAJUDIE']",1947.0,['sexually transmitted infection']
"[New multiple reaction, specific for syphilis, gonorrhea and tuberculosis, in which the sedimentation rate of the red cells is used as an indicator medium].",,,Dermatologica,1947-01-01,['ABERGAMASCO'],1947.0,['sexually transmitted infection']
[Contribution to intensive penicillin treatment for early syphilis].,,,Archivos mexicanos de venereologia y dermatologia,1947-01-01,['FCANALES ROCHA'],1947.0,['sexually transmitted infection']
[Note regarding a case of syphilitic glomerulus-nephritis of the secondary period].,,,Archivos mexicanos de venereologia y dermatologia,1947-01-01,['ACAMARILLO'],1947.0,['sexually transmitted infection']
[Penicillin in the treatment of syphilis].,,,Archivos mexicanos de venereologia y dermatologia,1947-01-01,['JBEJARANO'],1947.0,['sexually transmitted infection']
[Two new features in penicillin therapy; penicillin G and delayed-penicillins (results in gonorrhea)].,,,Toulouse medical,1947-01-01,['PDUREL'],1947.0,['sexually transmitted infection']
[Female gonorrhea].,,,Toulouse medical,1947-01-01,['NoneCAFFORT'],1947.0,['sexually transmitted infection']
[Treatment of acute gonorrhea urethritis].,,,Toulouse medical,1947-01-01,['ABAZAX'],1947.0,['sexually transmitted infection']
[The question of gonococcal wearers].,,,Ars medici,1947-01-01,['R OSTEIN'],1947.0,['sexually transmitted infection']
A non-specific and a specific positive Wassermann test in succession in one and the same child suffering from congenital syphilis.,,,Annales medicinae internae Fenniae,1947-01-01,['OENKVIST'],1947.0,['sexually transmitted infection']
[From the localization to the pulmonary of lymphatic mesartheritis].,,,Schweizerische Zeitschrift fur Pathologie und Bakteriologie. Revue suisse de pathologie et de bacteriologie,1947-01-01,['J LNICOD'],1947.0,['sexually transmitted infection']
[Chemoresistant gonorrhea and its treatment].,,,Ceskoslovenska dermatologie,1947-01-01,['NoneROZPRYM'],1947.0,['sexually transmitted infection']
[Chemo-resistant gonorrhea with complication treated by mycoin BF 510].,,,Ceskoslovenska dermatologie,1947-01-01,"['JCUPIK', 'JKONOPIK', 'MNOVOTNY']",1947.0,['sexually transmitted infection']
[Treatment of the skin and venereal diseases in the Anglo-American literature].,,,Ceskoslovenska dermatologie,1947-01-01,['LHOLCIK'],1947.0,['sexually transmitted infection']
[Local treatment of gonorrheal infiltration of Bartholin's glands with penicillin solution].,,,Ceskoslovenska dermatologie,1947-01-01,['KHUBSCHMANN'],1947.0,['sexually transmitted infection']
[Social time factors].,,,Dermatologische Wochenschrift,1947-01-01,['IZINZIUS'],1947.0,['sexually transmitted infection']
[On the question of marriage and especially the resumption of sexual intercourse after syphilis].,,,Dermatologische Wochenschrift,1947-01-01,['NoneWESENER'],1947.0,['sexually transmitted infection']
[On the question of the pyriferic treatment of syphilis].,,,Dermatologische Wochenschrift,1947-01-01,['HTELLER'],1947.0,['sexually transmitted infection']
[Syphilis and marriage (divorce)].,,,Dermatologische Wochenschrift,1947-01-01,['KZIELER'],1947.0,['sexually transmitted infection']
[Experience with credesche eye prophylaxis in newborns from mothers who are safely gonorrheally infected].,,,Dermatologische Wochenschrift,1947-01-01,['NoneMESTWERDT'],1947.0,['sexually transmitted infection']
[Influence of fever on sulfathiazole blood and hormone levels during gonorrhea treatment].,,,Dermatologische Wochenschrift,1947-01-01,['NoneGERTLER'],1947.0,['sexually transmitted infection']
[Problems of gonorrhea; diagnosis and therapy].,,,Dermatologische Wochenschrift,1947-01-01,['NoneLANGER'],1947.0,['sexually transmitted infection']
[Diagnosis and treatment of inguinal lymphogranuloma].,,,Dermatologische Wochenschrift,1947-01-01,['NoneLOHE'],1947.0,['sexually transmitted infection']
[Psychological aspects of the problem of sexual infection].,,,Dermatologische Wochenschrift,1947-01-01,['NoneMETTE'],1947.0,['sexually transmitted infection']
[Organization of the fight against venereal diseases in Thuringia].,,,Dermatologische Wochenschrift,1947-01-01,['NoneHESSE'],1947.0,['sexually transmitted infection']
[About the unspecific irritant body therapy of gonorrhea with sulfur milk].,,,Dermatologische Wochenschrift,1947-01-01,['AKNAPP'],1947.0,['sexually transmitted infection']
"[A case of tertiary syphilis located in the thyroid, perforated in the trachea, and treated with penicillin-bismuth, a fully cured dry].",,,Actas dermo-sifiliograficas,1947-01-01,"['NoneBRAVO PACHECO', 'NoneAPALATEGUI']",1947.0,['sexually transmitted infection']
[On the question of the treatment of gonobles with chemotherapeutic and antibiotic agents].,,,Klinische Monatsblatter fur Augenheilkunde und fur augenarztliche Fortbildung,1947-01-01,['EBRUENS'],1947.0,['sexually transmitted infection']
[Control of venereal diseases in Anglo-saxon countries].,,,Polski tygodnik lekarski,1947-01-01,['JFEINER'],1947.0,['sexually transmitted infection']
[Sulfanilamide therapy of gonorrhea in women].,,,Akusherstvo i ginekologiia,1947-01-01,['A PKUSHELEVSKY'],1947.0,['sexually transmitted infection']
[Treatment of gonorrhea in girls with sulfadine].,,,Akusherstvo i ginekologiia,1947-01-01,"['E IBELIAEV', 'K TTASHLYKOVA']",1947.0,['sexually transmitted infection']
[Diagnosis and treatment of gonorrhea in women].,,,Akusherstvo i ginekologiia,1947-01-01,['E IKHITROVA'],1947.0,['sexually transmitted infection']
[Penicillin treatment of gonorrhea in women].,,,Akusherstvo i ginekologiia,1947-01-01,['Z ZPEVZNER'],1947.0,['sexually transmitted infection']
"[Syphilis, a current and future war heritage from Austria].",,,Tagungsbericht. Osterreichische Arztetagung,1947-01-01,['LARZT'],1947.0,['sexually transmitted infection']
[Graanklanders is not available for the people from the country].,,,Acta Leidensia,1947-01-01,['E HHERMANS'],1947.0,['sexually transmitted infection']
[Treatment of skin and venereal diseases in Anglo-American literature].,,,Ceskoslovenska dermatologie,1947-01-01,['LHOLCIK'],1947.0,['sexually transmitted infection']
[Research on syphilis by the micro method].,,,Acta Leidensia,1947-01-01,"['E HHERMANS', 'E HHERMANS']",1947.0,['sexually transmitted infection']
[Pregnancy and venereal diseases].,,,Acta Leidensia,1947-01-01,['E HHERMANS'],1947.0,['sexually transmitted infection']
On the thymol turbidity test in pregnancy.,,,Annales medicinae experimentalis et biologiae Fenniae,1947-01-01,['A LALHA'],1947.0,['pregnancy test']
[About the alopecia areata maligna and its course].,,,Dermatologica,1947-01-01,['MWINKLER'],1947.0,"['hair loss', 'alopecia']"
[Alopecia after accidental poisoning with thallium in the factory].,,,Ceskoslovenska dermatologie,1947-01-01,['NonePTACKOWA'],1947.0,"['hair loss', 'alopecia']"
Marked abdominal bloating not due to gas but to a neurosis of the abdominal wall.,,,Transactions of the Association of American Physicians,1947-01-01,['W CALVAREZ'],1947.0,['bloating']
[Frequency of bloating of the cavities of the upper left lobe after section of flanges; its predominance in women].,,,Revue de la tuberculose,1947-01-01,"['GBROUET', 'CCOURY', 'JIOANNOU']",1947.0,['bloating']
[Contact radiotherapy in rectal cancer].,,,"Journal de radiologie, d'electrologie & archives d'electricite medicale",1947-01-01,"['PLAMARQUE', 'CGROS']",1947.0,['hemorrhoids']
[Close-up of X-rays of rectal carcinomas].,,,Strahlentherapie,1947-01-01,['TSCHATTER'],1947.0,['hemorrhoids']
The pathology and surgical considerations of conditions connected with rectum and anus.,,,Journal. National Proctologic Association,1947-01-01,['B JLAWRENCE'],1947.0,['hemorrhoids']
[Surgical anatomy of the anorectal region].,,,Revista espanola de las enfermedades del aparato digestivo y de la nutricion,1947-01-01,['PDE LA VIESCA'],1947.0,['hemorrhoids']
[Some considerations for the conservation of sphincter function in the operative treatment of rectal cancer; endo-anal (or abdomino-endoanal) section with posterior sphincter-perineal otomy; personal process].,,,Journal de chirurgie,1947-01-01,"['TNASTA', 'FMANDACHE']",1947.0,['hemorrhoids']
Current trends in surgery of the distal colon and rectum for cancer.,,,Transactions of the Southern Surgical Association. Southern Surgical Association (U.S.),1947-01-01,['A SGRAHAM'],1947.0,['hemorrhoids']
Social factors in combat fatigue.,10.17730/humo.6.4.v48432n38q235860,,Applied anthropology,1947-01-01,['J BMONTAGUE'],1947.0,['fatigue']
[Child fatigue alert].,,,L'Union medicale des praticiens francais,1947-01-01,['ABOUDRY'],1947.0,['fatigue']
A case of vascular headache after missile wound of the scalp.,,,The British journal of surgery,1947-01-01,['A CWATT'],1947.0,['headache']
[Treatment of migraines].,,,Ugeskrift for laeger,1947-01-08,['RJACOBSEN'],1947.0,['migraine']
"[Seborrheic eczema or figurative mediothoracic dermatosis, as an expression of the allergic state of the organism in the face of tuberculous infection].",,,Minerva medica,1947-01-27,['RDE LUCA'],1947.0,['allergic']
[Allergic arthropathies].,,,Archives de rhumatologie,1947-01-01,['RJUNET'],1947.0,['allergic']
On allergic rhinitis and bronchial asthma in bakers.,,,Annales medicinae internae Fenniae,1947-01-01,['ELINKO'],1947.0,['allergic']
On so called allergic arthritis symptoms.,,,Annales medicinae internae Fenniae,1947-01-01,['AAPPELGREN'],1947.0,['allergic']
[Essay on the pathophysiology of spasmodic coryza; Study of the infiltration of the temporal artery and of the venous tension in the spasmodic coryza].,,,Acta oto-rhino-laryngologica Belgica,1947-01-01,"['OGODIN', 'WCLOETENS']",1947.0,['allergic']
Nutrition in the allergic state.,,,Journal of the American Academy of Applied Nutrition. American Academy of Applied Nutrition,1947-01-01,['J WTHOMAS'],1947.0,['allergic']
[About the tuberculosa phlebitis that heals with a Livedo reticularis as an independent condition of a tubercular allergic organism].,,,Dermatologische Wochenschrift,1947-01-01,['WBLAICH'],1947.0,['allergic']
[The allergic occurrence from a legal perspective].,,,Dermatologica,1947-01-01,['FSCHWARZ'],1947.0,['allergic']
"[Typho-bacillosis and knotty erythema; followed briefly by an excavated infiltrate, in a young nurse already allergic].",,,Revue de la tuberculose,1947-01-01,"['JLOUBEYRE', 'EFARKAS']",1947.0,['allergic']
Studies in Experimental Ocular Tuberculosis. The Effect of Promin and Promizole in Experimental Ocular Tuberculosis in the Immune-Allergic Rabbit.,,,Transactions of the American Ophthalmological Society,1947-01-01,"['A CWoods', 'E LBurky']",1947.0,['allergic']
[Chronic arthritis due to Nicolas and Favre's disease].,,,La semaine des hopitaux : organe fonde par l'Association d'enseignement medical des hopitaux de Paris,1947-02-26,"['JWARTER', 'AMUGLER']",1947.0,['sexually transmitted infection']
[Hidden syphilis].,,,Revue medicale de France,1947-02-01,['LPERIN'],1947.0,['sexually transmitted infection']
[Treatment of syphilis with penicillin].,,,Revue medicale de France,1947-02-01,['ELORTAT-JACOB'],1947.0,['sexually transmitted infection']
Head and facial pains associated with disturbances of the temporomandibular joints.,,,The New York state dental journal,1947-02-01,['S ERIESNER'],1947.0,['headache']
[What place can penicillin take at present in the treatment of syphilis?].,,,La Presse medicale,1947-03-19,['L MPAUTRIER'],1947.0,['sexually transmitted infection']
[About the treatment of gonorrhea with penicillin].,,,Revue medicale de France,1947-03-01,"['RGIARD', 'MJAUPITRE']",1947.0,['sexually transmitted infection']
[Pernicious anemia in luetic infection].,,,La Medicina internazionale,1947-03-01,['G BCOTTINI'],1947.0,['sexually transmitted infection']
A Blood Test for Estimating the Week of Pregnancy.,10.1126/science.105.2724.292,,"Science (New York, N.Y.)",1947-03-14,['E WPage'],1947.0,['pregnancy test']
The nervous pathways of intestinal reflexes associated with nausea and vomiting.,,,The Journal of physiology,1947-03-15,['R AGregory'],1947.0,['nausea']
The effects of analeptics on the fatigued subject.,,,The Journal of physiology,1947-03-15,"['D PCuthbertson', 'J AKnox']",1947.0,['fatigue']
[Premenstrual stress syndrome; considerations on its pathogenesis].,,,El Dia medico,1947-04-21,['EFONTAN BALESTRA'],1947.0,"['menstrual cycle', 'irregular menstruation']"
[On the possible integration of the reinheitsgrad of the vaginal secret as a function of the mycotic flora in the human vagina].,,,Bollettino della Societa italiana di biologia sperimentale,1947-04-01,"['DCAZZOLA', 'EORLANDINI']",1947.0,['vaginal pH']
[Treatment of condylomas acuminateos by podophyllin].,,,El Dia medico,1947-04-21,"['MMAZZA', 'AFOIX']",1947.0,['sexually transmitted infection']
"[Diffuse tertiary syphilis dating back to 8 years, bismutho and mercurio-resistant, bleached by 4,000,000 units of penicillin, with scars of cheloid border and slightly painful].",,,Lyon medical,1947-04-04,"['JGATE', 'PBONDET', 'MDEVIC']",1947.0,['sexually transmitted infection']
[Above a case of simple secondary luetic hepatitis healed promptly with penicillin care].,,,Rivista critica di clinica medica,1947-04-01,['CROSSI'],1947.0,['sexually transmitted infection']
[A case of generalizing balancing alopecia successfully treated with vitamin B complex and pantothenic acid].,,,Lyon medical,1947-04-04,['MCADEAC'],1947.0,"['hair loss', 'alopecia']"
[Pigmentary urticaria].,,,Lyon medical,1947-04-04,['PDUGOIS'],1947.0,"['hair loss', 'alopecia']"
THE NEWER DRUGS FOR ALLERGIC DISORDERS AND THEIR PLACE IN THE HISTAMIN THEORY.,,,California medicine,1947-04-01,['M MHartman'],1947.0,['allergic']
[Actual value and practical application of the Ogino-Knaus method by means of the prior prophylactic adjustment of the menstrual cycle].,,,Comptes rendus de la Societe francaise de gynecologie,1947-05-01,"['NPALACIOS COSTA', 'ECANTILO']",1947.0,['menstrual cycle']
[Primers dysmenorrhea treated with dilatation of cervical uterus and with sympathectomy; a follow-up study of 195 patients].,,,Nordisk medicin,1947-05-30,['KKNUTSEN'],1947.0,"['irregular menstruation', 'dysmenorrhea', 'pelvic pain']"
[Treatment of essential dysmenorrhea with ephedrine].,,,Nordisk medicin,1947-05-16,['J USCHLEGEL'],1947.0,"['irregular menstruation', 'dysmenorrhea', 'pelvic pain']"
A BACTERIOLOGIC STUDY OF THE FACTORS AFFECTING THE EFFICACY OF STREPTOMYCIN THERAPY OF URINARY TRACT INFECTIONS.,10.1172/JCI101842,,The Journal of clinical investigation,1947-05-01,"['G THarrell', 'E GHerndon', 'C MGillikin', 'J KAikawa']",1947.0,['urinary tract infection']
[About follicular epithelogiganti-cellular formations of the endometrium].,,,Comptes rendus de la Societe francaise de gynecologie,1947-05-01,"['JCOURTOIS', 'YANDREANI', 'PISIDOR']",1947.0,['endometriosis']
[Penicillin in the treatment of acute gonococcal urethritis; dosage regimens with massive doses].,,,El Dia medico,1947-05-26,['GIACAPRARO'],1947.0,['sexually transmitted infection']
[Gonorrhea complications encountered during penicillin treatment].,,,Nordisk medicin,1947-05-02,['OSELVAGG'],1947.0,['sexually transmitted infection']
[Penicillin therapy in pregnant women].,,,Obstetricia y ginecologia latino-americanas,1947-05-01,['R AFERRARI'],1947.0,['sexually transmitted infection']
[The current state of treatment of newborn gonoblenorrhea taking into account the first experiences with penicillin].,,,Medizinische Monatsschrift,1947-05-01,['WRICHTER'],1947.0,['sexually transmitted infection']
[The fight against venereal diseases in Wuerttemberg-Baden and the success of penicillin treatment for gonorrhea].,,,Medizinische Monatsschrift,1947-05-01,['HWEZEL'],1947.0,['sexually transmitted infection']
[Conservation techniques of sphincter function in surgical treatment of rectal cancer].,,,Bulletins et memoires. Societe de chirurgie de Marseille,1947-05-01,['VAUBERT'],1947.0,['hemorrhoids']
[The effect of 2-phenyl-benzylaminomethyl-imidazoline in allergic diseases].,,,Nordisk medicin,1947-05-02,['A PSKOUBY'],1947.0,['allergic']
[About the importance of histamine antagonists in the treatment of allergic diseases].,,,Nordisk medicin,1947-05-02,['PKALLOS'],1947.0,['allergic']
[Brief considerations on allergy and preparation of allergic extracts].,,,La Escuela de farmacia,1947-05-01,['FAGUIRRE Batres'],1947.0,['allergic']
"COMPARATIVE ACTION OF ACETYL-BETA-METHYL CHOLINE AND HISTAMINE ON THE RESPIRATORY TRACT IN NORMALS, PATIENTS WITH HAY FEVER, AND SUBJECTS WITH BRONCHIAL ASTHMA.",10.1172/JCI101826,,The Journal of clinical investigation,1947-05-01,['J JCurry'],1947.0,['allergic']
[Therapeutic approach to amenorrhea].,,,El Dia medico,1947-06-05,['AGUITARTE'],1947.0,"['irregular menstruation', 'amenorrhea']"
TREATMENT OF INTERSTITIAL CYSTITIS.,,,California medicine,1947-06-01,['R WBarnes'],1947.0,['interstitial cystitis']
[Recent notions about the diagnosis and treatment of breast cancer].,,,El Dia medico,1947-06-05,['HREDON'],1947.0,['breast cancer screening']
[Observations on the mitogenic action of thyro-stimulin on the thyroid].,,,Comptes rendus des seances de la Societe de biologie et de ses filiales,1947-06-01,"['CARON', 'JMARESCAUX']",1947.0,['hypothyroidism']
[The rapid penicillochimiotherapy assault of central syphilis].,,,La Presse medicale,1947-06-14,"['CHURIEZ', 'MDESURMONT']",1947.0,['sexually transmitted infection']
[Secondary cutaneous-mucosal syphilis having succeeded to an inguinal lymphadenopathy with type of reticulo-sarcoma].,,,Annales de dermatologie et de syphiligraphie,1947-06-01,"['J FMARTIN', 'JGATE']",1947.0,['sexually transmitted infection']
[Impact of 1946 legislation on the frequency of venereal diseases in hospital dispensaries in Paris].,,,Annales de dermatologie et de syphiligraphie,1947-06-01,['NoneTOURAINE'],1947.0,['sexually transmitted infection']
"[Comparative statistics of cases of recent syphilis, dermatological clinic of the faculty and social insurance].",,,Annales de dermatologie et de syphiligraphie,1947-06-01,"['NoneNANTA', 'NoneBOUNHOURE']",1947.0,['sexually transmitted infection']
[Natural immunity against the gonococcus; Role of vitamin A; Human experimentation].,,,Annales de dermatologie et de syphiligraphie,1947-06-01,['JCHARPY'],1947.0,['sexually transmitted infection']
[Fungoid mycosis (Alibert) and lymphogranulomatosis (Paltauf-Sternberg) their pathogenesis and their differential diagnosis].,,,Annales de dermatologie et de syphiligraphie,1947-06-01,['LARZT'],1947.0,['sexually transmitted infection']
[Repeated syphilitic re-infections].,,,Annales de dermatologie et de syphiligraphie,1947-06-01,"['FCOSTE', 'BPIGUET']",1947.0,['sexually transmitted infection']
"[Syplilitic canker appearing in a man with Nicolas-Favre disease, in progress; Influence of syphilitic infection on the poradonic bubo].",,,Annales de dermatologie et de syphiligraphie,1947-06-01,['FPHIPPS'],1947.0,['sexually transmitted infection']
[New trials of superintensive treatment for central syphilis].,,,Annales de dermatologie et de syphiligraphie,1947-06-01,"['NoneTOURAINE', 'NoneGOLE']",1947.0,['sexually transmitted infection']
[Statistics and origin of recent venereal ailments observed at the Civil Hospital of Versailles and reported in the department of Seine-et-Oise].,,,La Prophylaxie antivenerienne,1947-06-01,"['PVERNIER', 'NoneCHEVALIER']",1947.0,['sexually transmitted infection']
[Screening for female gonococcal disease].,,,La Prophylaxie antivenerienne,1947-06-01,['NoneDUREL'],1947.0,['sexually transmitted infection']
[House of tolerance and syphilitic morbidity].,,,La Prophylaxie antivenerienne,1947-06-01,['RHISSARD'],1947.0,['sexually transmitted infection']
[The history of syphilis in Strasbourg in the 15th and 16th centuries].,,,La Prophylaxie antivenerienne,1947-06-01,['RBURGUN'],1947.0,['sexually transmitted infection']
[Syphilis from a social point of view from the 15th to the 17th century].,,,La Prophylaxie antivenerienne,1947-06-01,['NoneLAIGNEL-LAVASTINE'],1947.0,['sexually transmitted infection']
"[Case for diagnosis; Disseminated maculoscamous rash hyperkeratotic palmoplantar, heel ulceration].",,,Annales de dermatologie et de syphiligraphie,1947-06-01,"['HGOUGEROT', 'J JMEYER', 'NoneDEBEYRE']",1947.0,"['hair loss', 'alopecia']"
"[Parenteral treatment of hypochromic iron deficiency anemia with an organic salt of trivalent iron, ferri-di (a, alpha-dioxy-beta, beta-dimethylbutyrate) sodium].",,,Archives internationales de pharmacodynamie et de therapie,1947-06-01,"['JLEDERER', 'MRENAER', 'JVANDENBROUCKE']",1947.0,['iron deficiency anemia']
[Recto-colonic abdomino-endo-anal section in the treatment of proliferative and stenting proctitis; distant results].,,,Memoires. Academie de chirurgie (France),1947-06-25,['MPOPESCO-URLUENI'],1947.0,['hemorrhoids']
[Lumbagos and sciatica; Its relations with climacteric and pelvic disorders in women].,,,El Dia medico,1947-07-21,['B AMORENO'],1947.0,['pelvic pain']
[Syphilitic meningitis with papillary stasis].,,,La Presse medicale,1947-07-19,"['SDAUM', 'RHOUDART']",1947.0,['sexually transmitted infection']
[Pallidine and serological reactions of syphilis].,,,Archives hospitalieres,1947-07-01,"['JLACAPERE', 'RBRICQ', 'AGAGER']",1947.0,['sexually transmitted infection']
[Morbidity of diseases notifiable in 1947; comparative study].,,,Revista de sanidad,1947-07-01,[],1947.0,['sexually transmitted infection']
"[Orphella culici n. sp., parasitic entophyte of the rectum of the larvae of Culex nortensis Fclb].",,,Comptes rendus hebdomadaires des seances de l'Academie des sciences,1947-07-28,"['OTUZET', 'J FMANIER']",1947.0,['hemorrhoids']
[Hemorrhoids and their treatment].,,,Archives hospitalieres,1947-07-01,['RSAVIGNAC'],1947.0,['hemorrhoids']
[Two cases of rectal cancer in the early period].,,,Archives des maladies de l'appareil digestif et des maladies de la nutrition,1947-07-01,"['R AGUTMANN', 'GBEAUGARD', 'MPARTURIER-LANNEGRACE']",1947.0,['hemorrhoids']
[Amoebiasis and rectal cancer].,,,Archives des maladies de l'appareil digestif et des maladies de la nutrition,1947-07-01,['TDASCALAKIS'],1947.0,['hemorrhoids']
[Squamous epitheloma of the rectum].,,,Archives des maladies de l'appareil digestif et des maladies de la nutrition,1947-07-01,['PMOULONGUET'],1947.0,['hemorrhoids']
[Plaque hyperkeratosis of the rectum and anus; rectal leukoplakia].,,,Archives des maladies de l'appareil digestif et des maladies de la nutrition,1947-07-01,"['PHILLEMAND', 'ABENSAUDE', 'SSONEA']",1947.0,['hemorrhoids']
[Tissue reactions of an allergic nature caused by a bacterial endotoxin].,,,Comptes rendus hebdomadaires des seances de l'Academie des sciences,1947-07-16,"['ADELAUNAY', 'JLEBRUN']",1947.0,['allergic']
[Urinary infection in hypertensive women].,,,Prensa medica argentina,1947-08-08,"['TMALAMUD', 'MSOKOLINSKY', 'CHOLLAND']",1947.0,['urinary tract infection']
[Gonococcal cervical mastitis during puerperality (their screening and their treatment with penicillin)].,,,La Presse medicale,1947-08-23,"['MMAYER', 'NoneDELAYRE', 'NoneLANVIN']",1947.0,['sexually transmitted infection']
[Current treatment for syphilis].,,,Revue medicale de Liege,1947-08-15,['SLAPIERE'],1947.0,['sexually transmitted infection']
[Gonorrhea in clientele].,,,L'union medicale du Canada,1947-08-01,['LSYLVESTRE'],1947.0,['sexually transmitted infection']
[Syphilis in clients].,,,L'union medicale du Canada,1947-08-01,['EGARCEAU'],1947.0,['sexually transmitted infection']
[Electron microscopy of the inguinal lymphogranulomatosis virus].,,,Annales de l'Institut Pasteur,1947-08-01,"['PLEPINE', 'JGIUNTINI']",1947.0,['sexually transmitted infection']
[Hematometra in atresic horn of bicornuate uterus].,,,La Clinica ostetrica e ginecologica,1947-09-01,['VGIRARDI'],1947.0,['abnormal uterine bleeding']
[Pelvic endometrioma].,,,La Clinica ostetrica e ginecologica,1947-09-01,['FPOMINI'],1947.0,['endometriosis']
[Fibroadenoma of the coane].,,,"Bollettino delle malattie dell'orecchio, della gola, del naso",1947-09-01,['EGUARNACCIA'],1947.0,['fibroadenoma']
Diagnosis and treatment of cancer of the breast.,,,Bulletin - Dade County Medical Association,1947-09-01,['R MFLEMING'],1947.0,['breast cancer screening']
[Female hypertrichosis].,,,El Dia medico,1947-09-25,['MCAMPAGNOLI'],1947.0,['hirsutism']
[Contribution to the study of the hydrocarbon metabolism of ferruginous bacteria].,,,Comptes rendus hebdomadaires des seances de l'Academie des sciences,1947-09-29,"['ASARTORY', 'JMEYER']",1947.0,['sexually transmitted infection']
[Considerations on the treatment of rectal grips Nicolas-Favre].,,,Jornal do medico,1947-09-27,['A EMENDES FERREIRA'],1947.0,['sexually transmitted infection']
[Postconceptional syphilis].,,,Prensa medica argentina,1947-09-26,['J VRODRIGUEZ NIRANDA'],1947.0,['sexually transmitted infection']
[Systematic serologies and screenings].,,,Concours medical,1947-09-20,['NoneFILHOL'],1947.0,['sexually transmitted infection']
[Neuritic symptoms as a first signal in bone syphilis].,,,Wiener medizinische Wochenschrift (1946),1947-09-06,['E MKLAUSBERGER'],1947.0,['sexually transmitted infection']
[The anti-venereal fight in France].,,,Jornal do medico,1947-09-06,['MCARDIA'],1947.0,['sexually transmitted infection']
"[Syphilitic gums of the myocardium, left ventricle].",,,Archives des maladies du coeur et des vaisseaux,1947-09-01,['CMASSIAS'],1947.0,['sexually transmitted infection']
[On syphiloma of the cervix].,,,Il Dermosifilografo,1947-09-01,['A VFERRARI'],1947.0,['sexually transmitted infection']
[Importance of bone radiological research in congenital syphilis].,,,Revista cubana de pediatria,1947-09-01,"['FBORGES Y HERNANDEZ', 'RPEREIRAS Y VALDES']",1947.0,['sexually transmitted infection']
[Medical-social aspects of childhood syphilis].,,,Revista cubana de pediatria,1947-09-01,"['GCARDELLE', 'AMATA LAVIN', 'J CSAENZ']",1947.0,['sexually transmitted infection']
[Syphilis and pregnancy].,,"Consequences of syphilis for mother, pregnancy, fetus and child are considerable, but preventable. Serological screening must be offered at the first prenatal visit, using both a treponemal (eg. TPHA) and a non treponemal (eg. VDRL or RPR) test. When the results are compatible with any type of active syphilis, treatment is required. The treatment of choice is penicillin: benzathine penicillin G, 2.4 million units intramuscular, repeated one week later, and most authors recommend a third dose if a late latent syphilis is suspected, or in case of coinfection with HIV. Women with a proven penicillin allergy can be desensitized. Alternative therapies, such as macrolids, are less well evaluated. Follow-up during and after therapy must not be neglected. In case of Jarisch-Herxheimer reaction, the mother should be managed on an inpatient basis, and the fetus carefully monitored. The VDRL should be repeated (usually every trimester), and therapy be renewed if there is not a significant decrease in titer. The fetus should be followed by serial ultrasound examinations. Finally, the child must be followed up clinically and biologically, and treated in case of congenital syphilis. The residual risk of adverse outcome is increased in case of reinfection, lack of maternal therapy or incomplete treatment, or when diagnosis and therapy are performed late in pregnancy.",Revista de ginecologia e d'obstetricia,1947-09-01,['OBAHIA'],1947.0,"['sexually transmitted infection', 'pregnancy test']"
[The mouse as a test for infection of the sternal bone marrow of syphilitics].,,,La Prophylaxie antivenerienne,1947-09-01,['AVAISMAN'],1947.0,['sexually transmitted infection']
[Functioning of the social service in the anti-Venereal services of the Alpes-Maritimes during the year 1946].,,,La Prophylaxie antivenerienne,1947-09-01,['NoneGASTAUD'],1947.0,['sexually transmitted infection']
[Departmental Health Office of the Alpes-Maritimes; anti-venerian services].,,,La Prophylaxie antivenerienne,1947-09-01,['NonePELLEGRIN'],1947.0,['sexually transmitted infection']
[A rare case of heredoes].,,,Radiologia clinica,1947-09-01,['CPERRIN'],1947.0,['sexually transmitted infection']
[Gonococcal septicemia].,,,Boletin medico del Hospital Infantil de Mexico,1947-09-01,"['MSALAS MARTINEZ', 'ARICALDE GAMBOA']",1947.0,['sexually transmitted infection']
[On a case of pharyngo-laryngeal tertiary syphilis].,,,"Bollettino delle malattie dell'orecchio, della gola, del naso",1947-09-01,['RMARCHI'],1947.0,['sexually transmitted infection']
[Penicillinotherapy in English syphilis].,,,Archivos de pediatria del Uruguay,1947-09-01,['M LSALDUN DE RODRIQUEZ'],1947.0,['sexually transmitted infection']
Modern treatment of syphilis.,,,The Antiseptic,1947-09-01,['K DLAHIRI'],1947.0,['sexually transmitted infection']
Anorectal malignant melanomas; a clinical study based on two cases.,,,Acta chirurgica Scandinavica,1947-09-10,['OMULLER'],1947.0,['hemorrhoids']
[Rectal complications of uterine brachytherapy; clinical and therapeutic considerations].,,,Archives des maladies de l'appareil digestif et des maladies de la nutrition,1947-09-01,"['AVACHON', 'MDARGENT']",1947.0,['hemorrhoids']
[Treatment of pregnancy nausea and vomiting with vitamin B6].,,,Gazzetta sanitaria,1947-09-01,['MFERRUZZI'],1947.0,['nausea']
[Relation between the potassium of the extracellular medium and the action of adrenaline on the striated not tired muscle of the rat].,,,Comptes rendus des seances de la Societe de biologie et de ses filiales,1947-09-01,"['MGOFFART', 'G LBROWN']",1947.0,['fatigue']
[Eight months of fun].,,,Journal de medecine de Bordeaux et du Sud-Ouest,1947-09-01,['NoneCOURBIN'],1947.0,['headache']
[Attempts at clinical evaluation of allergic conditions from inflammatory tonsillopathies].,,,Il Valsalva,1947-09-01,['GSAIBENE'],1947.0,['allergic']
[Simultaneous use of female sex hormones and emmensgogen in menstrual disorders].,,,Wiener medizinische Wochenschrift (1946),1947-10-18,['GKESE'],1947.0,"['menstrual cycle', 'irregular menstruation']"
[Hypomenorrhea and asthma attacks; cured by testosterone].,,,Archives hospitalieres,1947-10-01,['CBECLERE'],1947.0,"['menstrual cycle', 'irregular menstruation']"
[Allergic diseases and their relationship to menstruation and pregnancy].,,,La Prensa medica mexicana,1947-10-01,['FMARTINEZ CORTES'],1947.0,"['menstrual cycle', 'allergic']"
[Therapy of epilepsy and menstrual cycle].,,,Das Deutsche Gesundheitswesen,1947-10-01,['RKLIMMER'],1947.0,['menstrual cycle']
"[The value of basal body temperature, vaginal smear and endometrial biopsy in the diagnosis of functional disorders of the ovary].",,,Revista medica de Chile,1947-10-01,"['JZANARTU ORREGO', 'AATRIA RAMIREZ']",1947.0,"['menstrual cycle', 'irregular menstruation']"
[Reflections on the etiological and therapeutic problems posed by functional amenorrheas].,,,Strasbourg medical,1947-10-05,['PMULLER'],1947.0,"['irregular menstruation', 'amenorrhea']"
Causes and treatment of tubal occlusion.,10.1111/j.1471-0528.1947.tb10744.x,,The Journal of obstetrics and gynaecology of the British Empire,1947-10-01,['LSNAITH'],1947.0,['tubal ligation']
[Appreciation of the evolution of the female genital cycle and of various pathological conditions by examining pap smears].,,,Gynaecologia. International monthly review of obstetrics and gynecology. Revue internationale mensuelle d'obstetrique et de gynecologie. Monatsschrift fur Geburtshilfe und Gynakologie,1947-10-01,"['HDE WATLEVILLE', 'NoneSALINGER', 'LDANON']",1947.0,['vaginal pH']
Gestational changes in the vaginal epithelium and their relation to the sex of the foetus.,10.1111/j.1471-0528.1947.tb10749.x,,The Journal of obstetrics and gynaecology of the British Empire,1947-10-01,['H ENIEBURGS'],1947.0,['vaginal pH']
Leucorrhoea in pregnancy; a further study with special reference to the hydrogen ion concentration and lactic acid content of the vagina.,10.1111/j.1471-0528.1947.tb10743.x,,The Journal of obstetrics and gynaecology of the British Empire,1947-10-01,"['W GLISTON', 'F BCHISHOLM']",1947.0,['vaginal pH']
[X-ray symptomatology of ovarian dermoid cysts].,,,Klinische Medizin; osterreichische Zeitschrift fur wissenschaftliche und praktische Medizin,1947-10-01,['OWICHTL'],1947.0,['ovarian cyst']
Bilateral ovarian dermoids in a girl of twelve.,10.1111/j.1471-0528.1947.tb10750.x,,The Journal of obstetrics and gynaecology of the British Empire,1947-10-01,['E MMETCALFE'],1947.0,['ovarian cyst']
[Microscopic studies on chocolate cysts; a contribution to the etiology of intraperitoneal endometriosis].,,,Geburtshilfe und Frauenheilkunde,1947-10-01,['NoneVOGE'],1947.0,"['endometriosis', 'ovarian cyst']"
[About hypothyroidism].,,,Medizinische Klinik,1947-10-15,['HCURSCHMANN'],1947.0,['hypothyroidism']
"[Contemporary treatments of recent syphilis with arsenicles; massive, intensive and accelerated methods; personal experience].",,,Prensa medica argentina,1947-10-31,['E ETELLO'],1947.0,['sexually transmitted infection']
[Considerations for the detection of syphilis by systemic serological examinations; practical value of micro-methods].,,,La Presse medicale,1947-10-18,['MFOURESTIER'],1947.0,['sexually transmitted infection']
[Treatment of syphilis by penicillin].,,,Brasil-medico,1947-10-18,['BFERREIRA'],1947.0,['sexually transmitted infection']
[Illusions and medical impressionism and the reality of the treatment of syphilis].,,,La Semana medica,1947-10-16,['N VGRECO'],1947.0,['sexually transmitted infection']
[About early syphilis of the lungs and bronchi].,10.1007/BF01721723,,Klinische Wochenschrift,1947-10-15,['JSCHUNK'],1947.0,['sexually transmitted infection']
[Microreactions in the serological diagnosis of syphilis].,,,Revista clinica espanola,1947-10-15,['AREZOLA AZPIAZU'],1947.0,['sexually transmitted infection']
[Syphilitic infection and its nervous manifestations; premonitory mental syndromes of progressive general paralysis].,,,Bulletin medical,1947-10-11,['PCHATAGNON'],1947.0,['sexually transmitted infection']
[Syphilitic inheritance and genetic theories].,,,Concours medical,1947-10-11,['NoneKREIS'],1947.0,['sexually transmitted infection']
[Immediate results of penicillotherapy in syphilis].,,,Annales de dermatologie et de syphiligraphie,1947-10-01,"['JRAVOIRE', 'GVALLAT']",1947.0,['sexually transmitted infection']
[Should we abandon novarsenobenzol?].,,,Annales de dermatologie et de syphiligraphie,1947-10-01,['FLEBEUF'],1947.0,['sexually transmitted infection']
[Absence of action of penicillin on the elimination of bismuth in the penicillin-bismuth association].,,,Annales de dermatologie et de syphiligraphie,1947-10-01,"['PDUREL', 'NoneRAYROUX']",1947.0,['sexually transmitted infection']
[Unsatisfactory clinical and serological effects of intensive penicillin-bismuth combination therapy].,,,Annales de dermatologie et de syphiligraphie,1947-10-01,"['RDEGOS', 'ELORTAT-JACOB', 'PMAURY']",1947.0,['sexually transmitted infection']
[Clinical and serological results of penicillin therapy alone or in combination with bismuth in the treatment of syphilis].,,,Annales de dermatologie et de syphiligraphie,1947-10-01,"['PVIGNE', 'ECALAS', 'NoneTRAMIER']",1947.0,['sexually transmitted infection']
[Brief conclusions of a comparative study on the speed of turn of the serological reactions under the action of various treatments during recent syphilis].,,,Annales de dermatologie et de syphiligraphie,1947-10-01,"['NoneFERNET', 'NoneCOLLART', 'GSAGNET']",1947.0,['sexually transmitted infection']
[Comparative study of various penicillin-chemotherapy formulas for the attack of recent syphilis].,,,Annales de dermatologie et de syphiligraphie,1947-10-01,"['CHURIEZ', 'MDESURMONT']",1947.0,['sexually transmitted infection']
[Treatment of recent syphilis in Nancy from May 1946 to May 1947].,,,Annales de dermatologie et de syphiligraphie,1947-10-01,"['JWARTRIN', 'JLESURE']",1947.0,['sexually transmitted infection']
[Method of superintensive treatment of central syphilis].,,,Annales de dermatologie et de syphiligraphie,1947-10-01,['NoneTOURAINE'],1947.0,['sexually transmitted infection']
[The attack treatment of syphilis without arsenobenzol].,,,Annales de dermatologie et de syphiligraphie,1947-10-01,['RRABUT'],1947.0,['sexually transmitted infection']
[The almost constant negativation of serological reactions after a first series of 20 oil-soluble bismuth (bivatol) in primosecondary syphilis].,,,Annales de dermatologie et de syphiligraphie,1947-10-01,"['NoneDUVERNE', 'NoneCOCHET-BALMEY Y BONNAYME']",1947.0,['sexually transmitted infection']
[Bismuth salts attack treatment for syphilis].,,,Annales de dermatologie et de syphiligraphie,1947-10-01,['ELORTAT-JACOB'],1947.0,['sexually transmitted infection']
[Therapeutic assessment of 24 years of exclusive bismuthotherapy].,,,Annales de dermatologie et de syphiligraphie,1947-10-01,['JCASABIANCA'],1947.0,['sexually transmitted infection']
[Superiority of the treatment of 20 tri-weekly bismuth injections over other treatments with regard to the serological negativation of recent syphilis].,,,Annales de dermatologie et de syphiligraphie,1947-10-01,"['RDEGOS', 'ELORTAT-JACOB', 'PMAURY']",1947.0,['sexually transmitted infection']
[Treatment of primary-secondary syphilis with oil-soluble bismuth at the dermatological clinic in Bordeaux].,,,Annales de dermatologie et de syphiligraphie,1947-10-01,"['NoneJOULIA', 'NoneLE COULANT']",1947.0,['sexually transmitted infection']
[The oil-soluble bismuthics leaders in individual treatment and prophylaxis of syphilis].,,,Annales de dermatologie et de syphiligraphie,1947-10-01,['GPETGES'],1947.0,['sexually transmitted infection']
[Fifty-one cases of syphilis treated with Penicillin].,,,Annales de dermatologie et de syphiligraphie,1947-10-01,['PPHOTINOS'],1947.0,['sexually transmitted infection']
[Difficulties in the measurement of penicillin in the blood; general appearance of the curves according to the vehicles used].,,,Annales de dermatologie et de syphiligraphie,1947-10-01,"['PDUREL', 'VRATNER', 'RSISSMANN']",1947.0,['sexually transmitted infection']
[Penicillin and syphilis].,,,Annales de dermatologie et de syphiligraphie,1947-10-01,"['JGATE', 'JPELLERAT']",1947.0,['sexually transmitted infection']
[Impressions on the role of penicillin in syphilithery].,,,Annales de dermatologie et de syphiligraphie,1947-10-01,['CSIMON'],1947.0,['sexually transmitted infection']
[Penicillin and immunity in experimental syphilis].,,,Annales de dermatologie et de syphiligraphie,1947-10-01,"['PGASTINEL', 'PCOLLART']",1947.0,['sexually transmitted infection']
"[Comparative action of crystallized penicillin G and two colored penicillins (one titling 78 o / o, the other oo / o of penicillin G) in the treatment of syphilis recent].",,,Annales de dermatologie et de syphiligraphie,1947-10-01,"['HGOUGEROT', 'JSCHNEIDER']",1947.0,['sexually transmitted infection']
[The place of mercury in the treatment of syphilis].,,,Annales de dermatologie et de syphiligraphie,1947-10-01,['JRAVOIRE'],1947.0,['sexually transmitted infection']
[Review of the arsenical therapy of syphilis].,,,Annales de dermatologie et de syphiligraphie,1947-10-01,['GGARNIER'],1947.0,['sexually transmitted infection']
[Action of bismuthotherapy on serology for 460 cases of primary and secondary syphilis].,,,Annales de dermatologie et de syphiligraphie,1947-10-01,[],1947.0,['sexually transmitted infection']
[Therapeutic assessment of bismuth in primary-secondary syphilis].,,,Annales de dermatologie et de syphiligraphie,1947-10-01,"['JGATE', 'PCUILLERET']",1947.0,['sexually transmitted infection']
[Treatment for centered syphilis].,,,Annales de dermatologie et de syphiligraphie,1947-10-01,['CFLANDIN'],1947.0,['sexually transmitted infection']
Venereal disease contact reporting.,,,Hospital Corps quarterly,1947-10-01,['F ESTEWART'],1947.0,['sexually transmitted infection']
The newer serologic tests for syphilis.,,,Revista cubana de laboratorio clinico,1947-10-01,"['C RREIN', 'R GCOREN']",1947.0,['sexually transmitted infection']
[From Salvarsan to Penicillin; Lines of development in chemotherapy research].,,,Pharmazeutische Zeitung,1947-10-01,['ABUTENANDT'],1947.0,['sexually transmitted infection']
Prevention of venereal disease with special reference to Delhi.,,,Indian journal of venereal diseases and dermatology,1947-10-01,['NBAJAJ'],1947.0,['sexually transmitted infection']
"Gonorrhoea as treated by pyrexia induced by peptone, a protein split product.",,,Indian journal of venereal diseases and dermatology,1947-10-01,['N LBAJAJ'],1947.0,['sexually transmitted infection']
[Systematic research of female gonococcal disease in gynecology consultations].,,,La Prophylaxie antivenerienne,1947-10-01,['CBECLERE'],1947.0,['sexually transmitted infection']
[Subcommittee of studies on the diagnosis of female gonorrhea by gonococcal cultures and by gonorrea].,,,La Prophylaxie antivenerienne,1947-10-01,['J RDEBRAY'],1947.0,['sexually transmitted infection']
[History of syphilis].,,,La Prophylaxie antivenerienne,1947-10-01,['NoneLAIGNEL-LAVASTINE'],1947.0,['sexually transmitted infection']
[First consequences of the new anti-Venereian legislation in France].,,,La Prophylaxie antivenerienne,1947-10-01,"['LCOLONIEU', 'EHADIDA', ""J RD'ESHOUGUES""]",1947.0,['sexually transmitted infection']
[The regional organization of pest control].,,,La Prophylaxie antivenerienne,1947-10-01,['CHURIEZ'],1947.0,['sexually transmitted infection']
[Penicillin in congenital syphellis].,,,L'union medicale du Canada,1947-10-01,['JGRANDBOIS'],1947.0,['sexually transmitted infection']
[Treatment of recent syphilis and prevention of congenital syphilis with penicillin in aqueous solution and in suspension in oil and wax].,,,L'union medicale du Canada,1947-10-01,['JARCHAMBAULT'],1947.0,['sexually transmitted infection']
[Interpretation of the serological reactions of syilis].,,,Gaceta medica de occidente,1947-10-01,['L EVASQUEZ'],1947.0,['sexually transmitted infection']
[Iron deficiency anemia in young animals].,,,Veterinaria,1947-10-01,['JLORA'],1947.0,['iron deficiency anemia']
[Recto-sigmoid cancer and cancer of the distal portion of the sigmoid; resection and primary enteroanastomosis].,,,Boletines y trabajos de la Academia Argentina de Cirugia. Academia Argentina de Cirugia,1947-10-29,['IGONI MORENO'],1947.0,['hemorrhoids']
"[Bronchial adenocarcinoma; Bamberger-Marie syndrome, pneumonactomy].",,,Boletines y trabajos de la Academia Argentina de Cirugia. Academia Argentina de Cirugia,1947-10-15,['A JPAVLOVSKY'],1947.0,['hemorrhoids']
[Corioangioma placenta].,,,Revista de ginecologia e d'obstetricia,1947-10-01,"['DDELASCIO', 'CCIARI JUNIOR']",1947.0,['hemorrhoids']
A Consideration of Pathological Factors Influencing Five Year Survival in Radical Resection of the Large Bowel and Rectum for Carcinoma.,,,Annals of surgery,1947-10-01,"['R KGilchrist', 'V CDavid']",1947.0,['hemorrhoids']
[Fatigue urticaria; clinical and pathogenetic contribution].,,,Il Policlinico. Sezione pratica,1947-10-06,"['USERAFINI', 'LCOARI']",1947.0,['fatigue']
[Insomnia].,,,Resenha clinico-cientifica,1947-10-01,['GBARTORELLI'],1947.0,['sleep disturbance']
[Odontogenic headaches].,,,Prensa medica argentina,1947-10-03,"['FCORA ELISEHT', 'JMONTERO', 'JRONCHI']",1947.0,['headache']
[Osteoporosis circumscribed of the skull and cephalophagic with the effort].,,,Bulletins et memoires de la Societe medicale des hopitaux de Paris,1947-10-01,"['J ALIEVRE', 'FLEPENNETIER']",1947.0,['headache']
ANTIHISTAMINE therapy; antidotes for allergy.,,,The Australasian journal of pharmacy,1947-10-30,[],1947.0,['allergic']
[Acute nephritis and myocarditis as an allergic-inflammatory process].,,,Schweizerische medizinische Wochenschrift,1947-10-04,['BSTEINMANN'],1947.0,['allergic']
[The allergic component of ulcer pain].,10.1055/s-0028-1118769,,Deutsche medizinische Wochenschrift (1946),1947-10-03,['H EKLEINE-NATROP'],1947.0,['allergic']
[Emergency in the treatment of allergic patients].,,,La Prensa medica mexicana,1947-10-01,"['MSALAZAR MALLEN', 'JCUEVA']",1947.0,['allergic']
[Advances in the diagnosis and treatment of allergic diseases].,,,La Prensa medica mexicana,1947-10-01,"['MSALAZAR MALLEN', 'JCUEVA']",1947.0,['allergic']
[Special techniques in the study of the allergic patient].,,,La Prensa medica mexicana,1947-10-01,['J LCORTES'],1947.0,['allergic']
[Some considerations about pollinosis].,,,La Prensa medica mexicana,1947-10-01,['JCUEVA'],1947.0,['allergic']
[Histamine in the treatment of some allergic diseases].,,,Revista medica de Chile,1947-10-01,['RGUZMAN'],1947.0,['allergic']
Progesterone secretion during the oestrous cycle of the unmated rat.,,,The Journal of endocrinology,1947-11-01,['PCONSTANTINIDES'],1947.0,['menstrual cycle']
Hydrogen ion concentration of the vagina during menstrual flow.,,,"Clinical medicine (Northfield, Ill.)",1947-11-01,['K JKARNAKY'],1947.0,"['menstrual cycle', 'vaginal pH']"
[Research on biochemical modifications of blood in healthy and tuberculous women during the various phases of the menstrual cycle; electrolyte balance changes].,,,Rivista di ostetricia e ginecologia,1947-11-01,['GPALMIERI'],1947.0,['menstrual cycle']
Presacral neurectomy for relief of uterine dysmenorrhea.,,,The Journal of the International College of Surgeons,1947-11-01,['J RYUNG'],1947.0,"['irregular menstruation', 'dysmenorrhea', 'pelvic pain']"
[Functional dysmenorrhea and its treatment].,,,Revista medica cubana,1947-11-01,['ESANCHEZ ROJAS'],1947.0,"['irregular menstruation', 'dysmenorrhea', 'pelvic pain']"
[Amenorrhea of prisoners].,,,Anais brasileiros de ginecologia,1947-11-01,['HVIGNES'],1947.0,"['irregular menstruation', 'amenorrhea']"
Double uterus with massive haematometra.,,,Bulletin. Vancouver Medical Association,1947-11-01,['A ETRITES'],1947.0,['abnormal uterine bleeding']
Metrorrhagia due to allergy to cold.,,,Annals of allergy,1947-11-01,['D EFRANK'],1947.0,"['breakthrough bleeding', 'intermenstrual bleeding']"
[Considerations on the causes of minus and metrorrhagia in submucosal fibroids of the uterus].,,,Rivista di ostetricia e ginecologia,1947-11-01,['ECIMBERLE'],1947.0,"['breakthrough bleeding', 'intermenstrual bleeding']"
Urinary infection.,,,The Medical press,1947-11-26,['SPOWER'],1947.0,['urinary tract infection']
The macroscopic diagnosis of urinary schistosomiasis.,,,South African medical journal = Suid-Afrikaanse tydskrif vir geneeskunde,1947-11-22,"['SGORMAN', 'C VMEESER']",1947.0,['urinary tract infection']
The chemotherapy of urinary tract infections in the elderly.,,,Geriatrics,1947-11-01,['W LHEWITT'],1947.0,['urinary tract infection']
[Cortical abscesses of the left kidney with atypical symptoms (pseudo-tumor form)].,,,Maroc medical,1947-11-01,"['PBRU', 'FBOLOT', 'JCHALLIOL']",1947.0,['urinary tract infection']
[Nephritic colic and intravenous urography].,,,Bulletin et memoires de la Societe des chirurgiens de Paris,1947-11-08,['FBUSSER'],1947.0,['pelvic pain']
Clinical observations on the use of luteinizing hormone (chorionic gonadotrophin) in the treatment of ovarian cysts in the bovine.,,,The Veterinary record,1947-11-29,['J LHANCOCK'],1947.0,['ovarian cyst']
[Symptoms of ovarian dermoid cysts].,,,Wiener medizinische Wochenschrift (1946),1947-11-22,['OWICHTL'],1947.0,['ovarian cyst']
Fibromyxoma of the right thigh and mixed dermoid and serous cyst of the right ovary; report of a case.,,,Journal of the National Medical Association,1947-11-01,['K WCLEMENT'],1947.0,['ovarian cyst']
Carcinoma of the ovary developing on the basis of ovarian endometriosis.,10.3109/00016924709138006,,Acta radiologica,1947-11-13,['MRAURAMO'],1947.0,['endometriosis']
Endometrioma of the cecum; report of case.,,,Proceedings of the staff meetings. Mayo Clinic,1947-11-12,"['W EIRONS', 'E SJUDD', 'M BDOCKERTY']",1947.0,['endometriosis']
[Endometriosis of the sigmoid colon; resection in one time].,,,Archives des maladies de l'appareil digestif et des maladies de la nutrition,1947-11-01,"['J MGORSE', 'PBARDIN', 'TGIBERT']",1947.0,['endometriosis']
Endometriosis of the intestinal tract.,,,Surgery,1947-11-01,['M RSUTLER'],1947.0,['endometriosis']
[Endometriosis].,,"Endometriosis is the female disease and very frequent. The grade differs widely: mildest stages, which do no harm, are occurring as well as severe manifestations destructing parts of the internal genital tract and creating adhesions. The etiology is still not unanimously clarified; there are probably etiologies more than one pathways. Endometrial particles which are capable of implantation can pass through the Fallopian tubes, lymphatic penetration, metaplastic processes or even immunologic deficiencies of macrophages have been accounted for the onset of endometriosis. The diagnostic procedure starts always with laparoscopic inspection. It is the beginning of a serious treatment. Classification is only possible after direct viewing of the pelvic organs. Staging and grading follows the proposal of the American Fertility Society, which is the standard even in non-English speaking areas of the world. The clinical symptoms of endometriosis are varying broadly. The leading symptom is [secondary] dysmenorrhoea. Treatment is managed by steps: I. Diagnostic endoscopic procedures with classification and removal of endometriotic foci so far possible. II. Pharmacologic therapy uses estrogen-progestogen combinations, progestogens, danatrol, GnRh-analogues, even tamoxifen and other regimens. III. Repetitive laparoscopy tries to completely clear from endometriotic remnants. Laparotomy was frequent in former times but is rarely carried out at present, however still mandatory in certain cases. The aim of treatment ist the cure of endometriosis and the reconstruction of a normal genital situation. Infertility is not a rare consequence particularly in severe cases according to stage IV AFS.",Bulletin medical. Shanghai. Universite l'Aurore,1947-11-01,['RSPRIET'],1947.0,"['endometriosis', 'adenomyosis', 'irregular menstruation', 'ovarian cyst', 'dysmenorrhea', 'pelvic pain', 'painful intercourse', 'combined oral contraceptives', 'dyspareunia']"
"[Hirsutism in women, clinical and therapeutic aspects].",,,Revista de ginecologia e d'obstetricia,1947-11-01,['MBORROTCHIN'],1947.0,['hirsutism']
[Recent developments in the serodiagnosis of syphilis; standardization of methodology and technique with cardiolipin antigen].,,,Nordisk medicin,1947-11-28,"['J CHUME', 'TGUTHE']",1947.0,['sexually transmitted infection']
[The spread of the sexually transmitted diseases in Styria].,,,Wiener klinische Wochenschrift,1947-11-28,['AMUSGER'],1947.0,['sexually transmitted infection']
[About the success of disinfestation processes].,,,Wiener klinische Wochenschrift,1947-11-28,[],1947.0,['sexually transmitted infection']
[How should we understand the treatment of visceral syphilis?].,,,Le Progres medical,1947-11-24,['JGATE'],1947.0,['sexually transmitted infection']
Congenital syphilis treated with penicillin.,,,The Medical journal of Australia,1947-11-22,['MHUTSON'],1947.0,['sexually transmitted infection']
"[Nervous syphilis evolving for 20 years without objective signs, in a dipsomaniac, dromomaniac].",,,Lyon medical,1947-11-16,['NoneFEUILLADE'],1947.0,['sexually transmitted infection']
The serologic tests in penicillin-treated syphilis.,,,New York state journal of medicine,1947-11-15,['C RREIN'],1947.0,['sexually transmitted infection']
Treatment of neurosyphilis.,,,New York state journal of medicine,1947-11-15,['BDATTNER'],1947.0,['sexually transmitted infection']
Treatment of late acquired syphilis other than neurosyphilis.,,,New York state journal of medicine,1947-11-15,"['J WJORDON', 'F ADOLCE']",1947.0,['sexually transmitted infection']
The treatment of early syphilis with penicillin at Bellevue Hospital.,,,New York state journal of medicine,1947-11-15,['E WTHOMAS'],1947.0,['sexually transmitted infection']
[Contribution to the knowledge of the nature of luetic antibodies; a differential immunological reaction of progressive paralysis].,,,Il Policlinico. Sezione pratica,1947-11-10,['ACURATOLO'],1947.0,['sexually transmitted infection']
[The gonococcal diseases of clandestine prostitutes; accelerated treatment of 132 cases by general and local pericillotherapy; short-term and long-term results].,,,Le Medecin generaliste de France,1947-11-10,['PTEMIME'],1947.0,['sexually transmitted infection']
[Action of current therapeutics on serological reactions during recent syphilis].,,,Journal des praticiens; revue generale de clinique et de therapeutique,1947-11-06,"['PFERNET', 'NoneCOLLART', 'NoneDAGUET']",1947.0,['sexually transmitted infection']
A search for Treponema pallidum in the lymph nodes of the syphilitic mouse.,10.3181/00379727-66-16105,,"Proceedings of the Society for Experimental Biology and Medicine. Society for Experimental Biology and Medicine (New York, N.Y.)",1947-11-01,['BGUEFT'],1947.0,['sexually transmitted infection']
Therapeutic efficacy in experimental syphilis of eight daily injections of penicillin in beeswax-peanut oil.,10.3181/00379727-66-16104,,"Proceedings of the Society for Experimental Biology and Medicine. Society for Experimental Biology and Medicine (New York, N.Y.)",1947-11-01,"['P DROSAHN', 'BGUEFT']",1947.0,['sexually transmitted infection']
[Vertebral manifestations of syphilis].,,,Concours medical,1947-11-01,['RBARTHELEMY'],1947.0,['sexually transmitted infection']
[The jaundices of syphilitics treated by arseno-benzene].,,,Annales de dermatologie et de syphiligraphie,1947-11-01,['EGYORGY'],1947.0,['sexually transmitted infection']
[Suggested syphilophobia and learned syringomyelobulbia].,,,Galicia-clinica,1947-11-01,['SMARTINEZ GOMEZ'],1947.0,['sexually transmitted infection']
[The interest of the systematic detection of syphilis within the framework of the free hospitals].,,,Archives hospitalieres,1947-11-01,['NoneSUCHET'],1947.0,['sexually transmitted infection']
Penicillin therapy in early syphilis. III.,,,The Journal of investigative dermatology,1947-11-01,"['R CARNOLD', 'J FMAHONEY', 'J CCUTLER', 'SLEVITAN']",1947.0,['sexually transmitted infection']
[Penicillinotherapy in childhood gonococia Outpatient treatment of gonococia with injectable penicillin; comparative study between the supply of the drug orally and by injection].,,,Archivos de pediatria del Uruguay,1947-11-01,"['AWIEDERHOLD', 'AMENDEZ']",1947.0,['sexually transmitted infection']
[Serological examinations of the diagnosis of syphilis].,,,La Prophylaxie antivenerienne,1947-11-01,[],1947.0,['sexually transmitted infection']
[The result of seven years of application of the legislation of venereal diseases from the point of view of medical analysis laboratories].,,,La Prophylaxie antivenerienne,1947-11-01,['JDESBORDES'],1947.0,['sexually transmitted infection']
[Single-dose administration of penicillin in autosangue in male acute blenorrhage].,,,La Medicina internazionale,1947-11-01,['MSANNINO'],1947.0,['sexually transmitted infection']
Nephritis (?) in a 2 month old infant with congenital syphilis.,,,Clinical proceedings - Children's Hospital of the District of Columbia,1947-11-01,"['J PJONES', 'PGOLD']",1947.0,['sexually transmitted infection']
"[Infantile syphilis, its treatment; preliminary communication].",,,Boletin medico del Hospital Infantil de Mexico,1947-11-01,"['LBENAVIDES', 'ADUBON']",1947.0,['sexually transmitted infection']
[A fight against the virus and a lesson on syphilis].,,,Boletin de la Asociacion Medica de Puerto Rico,1947-11-01,['EQUINTERO'],1947.0,['sexually transmitted infection']
The present status of thiouracil in the treatment and pre-surgical preparation of Basedow's disease; presentation of a rare case of thyroid disease.,,,Boletin de la Asociacion Medica de Puerto Rico,1947-11-01,['C BMOORE'],1947.0,['sexually transmitted infection']
[Some diagnostic problems posed by the cutaneous localizations of syphilis in the foot].,,,Bulletin medical,1947-11-01,['JPELTIER'],1947.0,['sexually transmitted infection']
[The measure of the disease; syphilis].,,,"Archives internationales de neurologie, des maladies hereditaires, de medecine mentale et psychosomatique",1947-11-01,['AVERNES'],1947.0,['sexually transmitted infection']
"Venereal diseases; past, present, and future.",,,Journal. Royal Sanitary Institute (Great Britain),1947-11-01,['R MWARREN'],1947.0,['sexually transmitted infection']
Extragenital chancre.,,,The Medical annals of the District of Columbia,1947-11-01,['M MROBINSON'],1947.0,['sexually transmitted infection']
Infant cyanosis and nitrates.,,,The Journal of the Oklahoma State Medical Association,1947-11-01,"['G FMATHEWS', 'E PSELLNER']",1947.0,['sexually transmitted infection']
The effect of time of heating sera at 56 degrees C. upon the Kline test.,,,Arizona medicine,1947-11-01,"['R AGREENE', 'E LBREAZEALE']",1947.0,['sexually transmitted infection']
Virus hepatitis.,,,Arizona medicine,1947-11-01,['JBANK'],1947.0,['sexually transmitted infection']
Syphilitic cardiovascular disease; an analysis of 59 cases of aortic aneurysm and a review of modern concepts of treatment.,,,American practitioner and digest of treatment,1947-11-01,"['D WCHAPMAN', 'R HMORGAN']",1947.0,['sexually transmitted infection']
[Syphilis treatment as a problem in surgery].,,,Archivos mexicanos de venereologia y dermatologia,1947-11-01,['DRAMIREZ'],1947.0,['sexually transmitted infection']
[Gonococcal resistance to sulfonamides].,,,Das Deutsche Gesundheitswesen,1947-11-01,"['KMULHENS', 'KWUSTHOFF']",1947.0,['sexually transmitted infection']
Ovarian hyperemia in the immature rat as a pregnancy test in equids.,10.3181/00379727-66-16089,,"Proceedings of the Society for Experimental Biology and Medicine. Society for Experimental Biology and Medicine (New York, N.Y.)",1947-11-01,['J RVALLE'],1947.0,['pregnancy test']
Alopecia areata treated with thorium-X.,10.1016/s0140-6736(47)91845-x,,"Lancet (London, England)",1947-11-15,"['ACARLETON', 'C HWHITTLE']",1947.0,"['hair loss', 'alopecia']"
The presence of ferritin in the duodenal mucosa and liver in hemochromatosis.,10.3181/00379727-66-16069,,"Proceedings of the Society for Experimental Biology and Medicine. Society for Experimental Biology and Medicine (New York, N.Y.)",1947-11-01,"['SGRANICK', 'LMICHAELIS']",1947.0,['ferritin']
[The relationship of chloremia with intestinal bloating].,,,Revista de la Asociacion Medica Argentina,1947-11-30,['J AFERREIRA'],1947.0,['bloating']
A dosimeter for preventing radiation injuries to the rectum during treatment of carcinoma of the uterus with radium.,10.3109/00016924709138021,,Acta radiologica,1947-11-13,['HZILLIACUS'],1947.0,['hemorrhoids']
Rectal injuries following the Stockholm method of treatment of cancer of the cervix uteri.,10.3109/00016924709138016,,Acta radiologica,1947-11-13,['AINGELMAN-SUNDBERG'],1947.0,['hemorrhoids']
[New data on vascularization of the rectal mucosa; test of surgical conclusions].,,,Montpellier medical,1947-11-01,"['GMARCHEL', 'J JPICARD']",1947.0,['hemorrhoids']
Hemicolectomy and proctosigmoidectomy with transplantation of transverse colon to anus; a report of eight cases.,,,The Journal of the International College of Surgeons,1947-11-01,"['H EBACON', 'C HSMITH']",1947.0,['hemorrhoids']
Management of vesical dysfunction following abdominoperineal proctosigmoidectomy.,,,The Journal of the International College of Surgeons,1947-11-01,['L EMcCREA'],1947.0,['hemorrhoids']
[Recto-sigmoid villous tumors and contact radiotherapy].,,,Acta gastro-enterologica Belgica,1947-11-01,"['RCRISMER', 'HRAMIOUL']",1947.0,['hemorrhoids']
"[Anoscope allowing rectal coagulations, without risk of explosion].",,,Archives des maladies de l'appareil digestif et des maladies de la nutrition,1947-11-01,['RCARVAILLO'],1947.0,['hemorrhoids']
A'suspension operation for prolapse of the rectum.,,,Annals of surgery,1947-11-01,['T GORR'],1947.0,['hemorrhoids']
Foreign bodies in Morgagnian crypts most likely causes of abscesses and fistulas.,,,The Medical world,1947-11-01,['F DSTANTON'],1947.0,['hemorrhoids']
The management of rectal prolapse.,,,The Journal of the Tennessee State Medical Association. Tennessee State Medical Association,1947-11-01,['D WSMITH'],1947.0,['hemorrhoids']
A Suspension Operation for Prolapse of the Rectum.,,,Annals of surgery,1947-11-01,['T GOrr'],1947.0,['hemorrhoids']
[Hypoglycemia and diencephalon].,,,La Semana medica,1947-11-06,"['C FCARREGA CASAFFOUSTH', 'DBRAGE', 'E ASPINELLI']",1947.0,['fatigue']
"[About horse fatigue, with particular attention to infectious anemia].",,,Deutsche tierarztliche Wochenschrift,1947-11-01,['HLUDWIG'],1947.0,['fatigue']
[Fatigue damage to the bone].,,,Das Deutsche Gesundheitswesen,1947-11-01,['MDETLEFSEN'],1947.0,['fatigue']
[Research in the field of sleep and the therapy of insomnia].,,,Revue medicale de la Suisse romande,1947-11-25,['EFROMMEL'],1947.0,['sleep disturbance']
[About sleep disorders].,,,Praxis,1947-11-15,['V EFRANKL'],1947.0,['sleep disturbance']
Headache.,,,The Optometric weekly,1947-11-13,['IZIMMERMAN'],1947.0,"['headache', 'migraine']"
2-Methylaminoheptane (cenethyl) as an aid in the diagnosis and therapy of headaches associated with hypotension; a preliminary report.,,,Annals of allergy,1947-11-01,['M MHARTMAN'],1947.0,['headache']
"Prognosis in congestive heart failure, a physician's headache.",,,Clinical Society journal,1947-11-01,['K SMATHUR'],1947.0,['headache']
Histamine and anti-histamine products in the treatment of lower half headache.,,,The Medical world,1947-11-01,['MGIRLING'],1947.0,"['headache', 'allergic']"
[Treatment of Migraine with Intravenous Injections of Manganese].,,,Nordisk medicin,1947-11-21,['TDALSGAARD-NIELSEN'],1947.0,['migraine']
[Studies on the Lewis-Ebbecke Reaction (Triple Response)].,,,Nordisk medicin,1947-11-21,['HHEIDEMANN'],1947.0,['migraine']
[The camouflaged forms of familial migraine; a psycho-somatic complex revealed by the Rorschach test].,,,Praxis,1947-11-13,['MSCHACHTER'],1947.0,['migraine']
[The basic hepatic factor in essential migraine and its treatment; about 250 cases].,,,Maroc medical,1947-11-01,"['C APIERSON', 'LCOLLESSON']",1947.0,['migraine']
Immunity to diphtheria induced by a booster dose of diphtheria toxoid purified by absorption and elution; based on a study of 55 allergic children.,,,Annals of allergy,1947-11-01,"['M MPESHKIN', 'H GRAPAPORT']",1947.0,['allergic']
[About antihistamine-active substances and their importance for the therapy of allergic diseases].,,,Die Pharmazie,1947-11-01,['HLOEWE'],1947.0,['allergic']
[Preventive and curative treatment of allergic diseases with the extract of Agaricus campester].,,,Revue de phytotherapie,1947-11-01,['JBREL'],1947.0,['allergic']
[About the use of electrophoresis in the study of allergic eczematous reactions].,,,Schweizerische medizinische Wochenschrift,1947-11-01,['HHAXTHAUSEN'],1947.0,['allergic']
[Treatment of non-seasonal nasal allergies].,,,Revista brasileira de medicina,1947-11-01,['ACOUTINHO'],1947.0,['allergic']
[About the excretion of Pregnandiols in the menstrual cycle].,10.1007/BF01733129,,Klinische Wochenschrift,1947-12-01,"['CKAUFMANN', 'UWESTPHAL']",1947.0,['menstrual cycle']
A discussion of the treatment of functional dysmenorrhea and a hormal test for endometriosis.,,,Connecticut state medical journal,1947-12-01,['J MFREIHEIT'],1947.0,"['irregular menstruation', 'dysmenorrhea', 'pelvic pain', 'endometriosis']"
"[Orthodontic plates, mental sleep, amenorrhea; critical comment on the previous article, New Aspects in the Aetiology of Pituitary Disorders, by Inge Ehricke].",,,Deutsche zahnarztliche Zeitschrift,1947-12-01,['JESCHLER'],1947.0,['amenorrhea']
"[Urinary reaction, a modification].",,,Ugeskrift for laeger,1947-12-25,['HHEIDEMANN'],1947.0,['urinary tract infection']
Reiter's syndrome and a bacterial pyuria.,10.1136/bmj.2.4536.974-f,,British medical journal,1947-12-13,['F LLYDON'],1947.0,['urinary tract infection']
[Some criteria for differential diagnosis between ovarian cystoma and ascitogenic peritonitis; techica of a new sign].,,,Il Policlinico. Sezione pratica,1947-12-08,['MCANDIDA'],1947.0,['ovarian cyst']
[A case of intestinal occlusion in pregnancy of ovarian cyst cake on the peduncle].,,,Minerva chirurgica,1947-12-01,['GSILVESTRI'],1947.0,['ovarian cyst']
Pyrexia as a sign of endometriosis.,10.1111/j.1471-0528.1947.tb10776.x,,The Journal of obstetrics and gynaecology of the British Empire,1947-12-01,['T N AJEFFCOATE'],1947.0,['endometriosis']
Diagnosis and management of pelvic endometriosis.,,,The Journal of the Medical Society of New Jersey,1947-12-01,['F LPAYNE'],1947.0,['endometriosis']
[Post-traumatic centrogenic hirsutism after Commotio cerebri].,,,Wiener medizinische Wochenschrift (1946),1947-12-06,['EEPSTEIN'],1947.0,['hirsutism']
The suppressing effect of thiouracil-induced hypothyroidism on the conditioning action of estradiol benzoate as measured by the mating response in female guinea pigs.,,,The Anatomical record,1947-12-01,"['W AINNES', 'W CYOUNG', 'R CWEBSTER']",1947.0,['hypothyroidism']
"[Contributions to the Clinic of Athyroid and Hypothyroidism in Childhood; hematological observations, serum iron, cholesterol and phosphatase studies].",,,Helvetica paediatrica acta,1947-12-01,['R FLANDOLT'],1947.0,['hypothyroidism']
[On the etiology and therapy of alimentary myxedema].,,,Das Deutsche Gesundheitswesen,1947-12-01,['WFUCHS'],1947.0,['hypothyroidism']
Specific renal functions in hyperthyroidism and myxedema; effects of treatment.,10.1210/jcem-7-12-801,,The Journal of clinical endocrinology and metabolism,1947-12-01,"['A CCORCORAN', 'I HPAGE']",1947.0,['hypothyroidism']
"Adult hypothyroidism; observations based on a study of 151 cases, with detailed reports of two typical cases.",,,American practitioner and digest of treatment,1947-12-01,['NBURNSTEIN'],1947.0,['hypothyroidism']
Propylthiouracil-hypothyroidism in the albino rat; its effect on the jaws.,,,Journal of dental research,1947-12-01,"['IGLICKMAN', 'SPRUZANSKY']",1947.0,['hypothyroidism']
The maintenance of male-like mounting activity by thiouracil-induced hypothyroid female guinea pigs.,,,The Anatomical record,1947-12-01,"['W CYOUNG', 'W AINNES', 'R CWEBSTER']",1947.0,['hypothyroidism']
[The treatment of gonococcal arthritis with penicillin].,,,Semaine des hopitaux: informations,1947-12-28,"['PDELAFONTAINE', 'GDAMIENS', 'JLEPAGNEY']",1947.0,['sexually transmitted infection']
Routine serological tests for syphilis.,10.1136/bmj.2.4538.1056-b,,British medical journal,1947-12-27,['A E WMcLACHLAN'],1947.0,['sexually transmitted infection']
[The changes in the blood formation during the antiluetic treatment].,,,Wiener klinische Wochenschrift,1947-12-26,['HFLEISCHHACKER'],1947.0,['sexually transmitted infection']
[Treatment of recently acquired syphilis; intensive method; your tolerance and results].,,,Prensa medica argentina,1947-12-26,['J LCARRERA'],1947.0,['sexually transmitted infection']
[Current benignity of treated syphilis].,,,Le Medecin generaliste de France,1947-12-25,"['ATZANCK', 'RMOLINE']",1947.0,['sexually transmitted infection']
[Gastric syphilis has a pseudo-nephlasic form].,,,La Presse medicale,1947-12-24,"['PCHENE', 'NonePILLET-SAVATON', 'ASIMON']",1947.0,['sexually transmitted infection']
[A serious case of late hereditary syphilis].,,,Journal des sciences medicales de Lille,1947-12-21,['VCORDONNIER'],1947.0,['sexually transmitted infection']
"[Wassermann's reaction to slow cong., Treated with penicillin in conjunction with heavy metals and salvarsan or spirocide].",,,Nordisk medicin,1947-12-19,['OENKVIST'],1947.0,['sexually transmitted infection']
[A rare case of primary isolated extraglandular lymphogranulomatosis].,,,Wiener klinische Wochenschrift,1947-12-19,['HHYDEN'],1947.0,['sexually transmitted infection']
[Penicillin treatment of gonorrhoea].,,,Ugeskrift for laeger,1947-12-18,['ONØRGAARD'],1947.0,['sexually transmitted infection']
[Interstitial syphilitic hepatitis].,,,Minerva medica,1947-12-08,['LFERRANNINI'],1947.0,['sexually transmitted infection']
[From the abortive treatment of gonorrhea to the conception of a certain type of immunity].,,,Concours medical,1947-12-06,['PTHEVENARD'],1947.0,['sexually transmitted infection']
Social work in V. D. centre.,,,The Medical officer,1947-12-06,['E M JCOOPER'],1947.0,['sexually transmitted infection']
Recent advances in the diagnosis and treatment of granuloma inguinale.,10.7326/0003-4819-27-6-1046,,Annals of internal medicine,1947-12-01,['H MROBINSON'],1947.0,['sexually transmitted infection']
The treatment of syphilitic eye diseases with penicillin.,,,The Columbia optometrist,1947-12-01,['ASAYER'],1947.0,['sexually transmitted infection']
[The extent of the disease].,,,"Archives internationales de neurologie, des maladies hereditaires, de medecine mentale et psychosomatique",1947-12-01,['AVERNES'],1947.0,['sexually transmitted infection']
Serological tests for industrial workers.,,,Journal of social hygiene,1947-12-01,['WCLARKE'],1947.0,['sexually transmitted infection']
Sex education or social hygiene education in schools in forty cities.,,,Journal of social hygiene,1947-12-01,['J AGOLDBERG'],1947.0,['sexually transmitted infection']
The function of rapid treatment centers.,,,Journal of social hygiene,1947-12-01,['E WTHOMAS'],1947.0,['sexually transmitted infection']
The complete case finder; the practical epidemiology of syphilis and gonorrhea in New York City.,,,Journal of social hygiene,1947-12-01,['TROSENTHAL'],1947.0,['sexually transmitted infection']
Kentucky Rapid Treatment Center monthly analysis for 1946.,,,"Bulletin of the Department of Health, Commonwealth of Kentucky. Kentucky. Department of Health",1947-12-01,['RHANSEN'],1947.0,['sexually transmitted infection']
Venereal disease; progress report.,,,Medical bulletin. United States. Army. Forces in the European Theater. Office of the Theater Chief Surgeon,1947-12-01,['E ANOYES'],1947.0,['sexually transmitted infection']
[Syphilis of the child and its diagnostic difficulties].,,,Pediatria de las Americas,1947-12-01,['BSORIA'],1947.0,['sexually transmitted infection']
[Legal anti-venerian action and the medical body in the department of Seine].,,,Sante publique,1947-12-01,['ASPILLMAN'],1947.0,['sexually transmitted infection']
Infective hepatitis.,,,Journal of the Royal Army Medical Corps,1947-12-01,['JMACKAY-DICK'],1947.0,['sexually transmitted infection']
[The penicillin delay in the treatment of gonorrhea].,,,France Medecine,1947-12-01,['PLAUGIER'],1947.0,['sexually transmitted infection']
[Modern therapy of chronic gonorrhea in man; experimental study].,,,Medicina y cirugia,1947-12-01,['A MPEREZ GOMEZ'],1947.0,['sexually transmitted infection']
[Sexual behavior and venereal diseases].,,,La Prophylaxie antivenerienne,1947-12-01,['SNEVILLE-ROLFE'],1947.0,['sexually transmitted infection']
[Social organization for the fight against venereal diseases in Poland].,,,La Prophylaxie antivenerienne,1947-12-01,['NoneGRZYBOWSKI'],1947.0,['sexually transmitted infection']
[Social organization of the fight against venereal diseases in Norway].,,,La Prophylaxie antivenerienne,1947-12-01,['NoneBJORNSSON'],1947.0,['sexually transmitted infection']
[The social organization of the fight against venereal diseases in Belgium].,,,La Prophylaxie antivenerienne,1947-12-01,['NoneGERARD'],1947.0,['sexually transmitted infection']
[Penicillin].,,,La Prophylaxie antivenerienne,1947-12-01,['WCLARKE'],1947.0,['sexually transmitted infection']
[The treatment of syphilis with penicillin and arsenicals in different countries].,,,La Prophylaxie antivenerienne,1947-12-01,['GKJELLBERG'],1947.0,['sexually transmitted infection']
[Current trends in gonorrhea treatment].,,,La Prophylaxie antivenerienne,1947-12-01,['HGOUGEROT'],1947.0,['sexually transmitted infection']
[Current notions on attack treatments for recent syphilis in France].,,,La Prophylaxie antivenerienne,1947-12-01,"['HGOUGEROT', 'RDEGOS']",1947.0,['sexually transmitted infection']
[National collaboration with medical practitioners].,,,La Prophylaxie antivenerienne,1947-12-01,['E HHERMANS'],1947.0,['sexually transmitted infection']
[Collaboration at the national level with all the medical practitioners].,,,La Prophylaxie antivenerienne,1947-12-01,['L WHARRISON'],1947.0,['sexually transmitted infection']
The problem of default in a venereal diseases clinic; a medico-social analysis of 381 women patients.,10.1136/sti.23.4.171,,The British journal of venereal diseases,1947-12-01,"['W VMACFARLANE', 'H MJOHNS']",1947.0,['sexually transmitted infection']
The masking or delay in the development of syphilis after penicillin therapy for gonorrhoea.,10.1136/sti.23.4.155,,The British journal of venereal diseases,1947-12-01,['J A LLEEMING'],1947.0,['sexually transmitted infection']
The control of venereal diseases under the National Health Service.,10.1136/sti.23.4.145,,The British journal of venereal diseases,1947-12-01,['L WHARRISON'],1947.0,['sexually transmitted infection']
Gonococcic vaginitis in children treated with a single injection of penicillin in beeswax and peanut oil; report of 20 cases.,10.1001/archpedi.1947.02030010725005,,American journal of diseases of children (1911),1947-12-01,"['B GCLARKE', 'H HEISENBERG']",1947.0,['sexually transmitted infection']
Syphilis; a review of the recent literature.,,,"Archives of internal medicine (Chicago, Ill. : 1908)",1947-12-01,"['F WREYNOLDS', 'J EMOORE']",1947.0,['sexually transmitted infection']
Sulfonemide sensitivity and prophylaxis against venereal disease.,10.1001/archderm.1947.01520120157018,,Archives of dermatology and syphilology,1947-12-01,['R ABURGER'],1947.0,['sexually transmitted infection']
[On a case of retinopathy in a syphilitic; treatment with penicillin].,,,Toulouse medical,1947-12-01,"['NoneCALMETTES', 'NoneDEODATI']",1947.0,['sexually transmitted infection']
The value of the Guterman test in threatened abortion.,10.1111/j.1471-0528.1947.tb10765.x,,The Journal of obstetrics and gynaecology of the British Empire,1947-12-01,['SBENDER'],1947.0,['pregnancy test']
"[Cases of alopecia and leucotrichia in the head, eyebrow and upper lip regions, of dental origin].",,,"Clinica odontoiatrica; revista mensile di operativa dentaria, chirurgia orale, ortodontia e protesi",1947-12-31,['OTEMPESTINI'],1947.0,"['hair loss', 'alopecia']"
[Suggestion for the treatment of alopecia areata].,,,Medizinische Monatsschrift,1947-12-01,['HWALTHER'],1947.0,"['hair loss', 'alopecia']"
[The use of penicillin in a case of chronic ulcer-purulent rectocolitis].,,,Minerva medica,1947-12-08,['MBANCHE'],1947.0,['hemorrhoids']
[Individualization of the surgical procedure for carcinoma on the recte sigmoid].,,,Wiener medizinische Wochenschrift (1946),1947-12-06,['FMANDL'],1947.0,['hemorrhoids']
A resume of the developmental anatomy of the rectum and anal canal.,10.1177/003591574704001410,,Proceedings of the Royal Society of Medicine,1947-12-01,['JKIRK'],1947.0,['hemorrhoids']
Common surgical disorders of the rectum and anal canal.,,,The Antiseptic,1947-12-01,['U MRAU'],1947.0,['hemorrhoids']
Carcinoma of the rectum with a single secondary in the liver; synchronous combined excision and left hepatectomy.,10.1177/003591574704001408,,Proceedings of the Royal Society of Medicine,1947-12-01,['O VLLOYD-DAVIES'],1947.0,['hemorrhoids']
Associated carcinoma of colon and rectum; report of two cases.,10.1177/003591574704001406,,Proceedings of the Royal Society of Medicine,1947-12-01,['FFORTY'],1947.0,['hemorrhoids']
Relationship of occupational strain to rectal conditions.,,,The Journal of the Medical Society of New Jersey,1947-12-01,['SZAGER'],1947.0,['hemorrhoids']
[Two techniques of resection of the cancerous rectum in one time with conservation of the sphincter; Babcock process and Bacon process].,,,Gazette medicale de France,1947-12-01,['PVIALLE'],1947.0,['hemorrhoids']
Preoperative preparation and postoperative care in anorectal operations.,,,The Review of gastroenterology,1947-12-01,['A LREICH'],1947.0,['hemorrhoids']
[Rectal cancer].,,,L'union medicale du Canada,1947-12-01,['AJUTRAS'],1947.0,['hemorrhoids']
A case of lassitude.,,,Medical world,1947-12-12,['G EBEAUMONT'],1947.0,['fatigue']
[Asthenia at the start of general paralysis; the overwork invoked].,,,"Clinique (Paris, France)",1947-12-05,['RBENON'],1947.0,['fatigue']
Histaminic headache; Horton's syndrome; case report.,,,The New Zealand medical journal,1947-12-01,['J ECAUGHEZ'],1947.0,['headache']
Headache; impressions of an ophthalmologist.,,,The Journal of the Medical Society of New Jersey,1947-12-01,['F DCARROLL'],1947.0,['headache']
[Interesting action of slow intravenous histaminotherapy in a case of rebellious migraine].,,,Paris medical,1947-12-20,"['MPERRAULT', 'JVIGNALOU']",1947.0,"['migraine', 'allergic']"
The cervical syndrome as a cause of migraine.,,,Journal of the American Medical Women's Association,1947-12-01,['RJACKSON'],1947.0,['migraine']
[Migraine and subarachnoid hemorrhage].,,,Journal de medecine de Bordeaux et du Sud-Ouest,1947-12-01,"['PBROUSTET', 'NoneBERGOUIGNAN']",1947.0,['migraine']
What to do in a rebellious case of migraine; a list of the drugs being used today.,,,Gastroenterology,1947-12-01,['W CALVAREZ'],1947.0,['migraine']
[Gout and anti-allergic treatment].,,,La Presse medicale,1947-12-27,['P LVIOLLE'],1947.0,['allergic']
Allergic reaction to penicillin.,,,New York state journal of medicine,1947-12-15,['N LGELFAND'],1947.0,['allergic']
[Pollen allergy; air pollen counts in the city of Santos].,,,Brasil-medico,1947-12-06,"['J BGRECO', 'M PBASTOS']",1947.0,['allergic']
Thymoxyethyl-diethylamine antagonism and anti-histamines.,10.1038/icb.1947.43,,The Australian journal of experimental biology and medical science,1947-12-01,['E RTRETHEWIE'],1947.0,['allergic']
Effect of salicylate and tripelennamine hydrochloride (pyribenzamine) on the Arthus reaction and on bacterial allergic reactions.,10.3181/00379727-66-16149,,"Proceedings of the Society for Experimental Biology and Medicine. Society for Experimental Biology and Medicine (New York, N.Y.)",1947-12-01,['E EFISCHEL'],1947.0,['allergic']
"Pharmacological characteristics of neohetramine, a new antihistaminic drug.",10.3181/00379727-66-16139,,"Proceedings of the Society for Experimental Biology and Medicine. Society for Experimental Biology and Medicine (New York, N.Y.)",1947-12-01,"['J FREINHARD', 'J VSCUDI']",1947.0,['allergic']
The treatment of itching dermatoses with antihistaminic drugs with particular reference to pyribenzamine.,,,American practitioner and digest of treatment,1947-12-01,"['R LBAER', 'M BSULZBERGER', 'V HWITTEN']",1947.0,['allergic']
Acute panarteritis in allergic persons.,10.1001/archinte.1947.00220180096007,,"Archives of internal medicine (Chicago, Ill. : 1908)",1947-12-01,"['J BMIALE', 'K HDOEGE', 'MPIEHL']",1947.0,['allergic']
Asthma and hay fever; a different concept.,,,"Clinical medicine (Northfield, Ill.)",1947-12-01,['W GLEWI'],1947.0,['allergic']
Allergic contact dermatitis due to wool fat and cholesterol.,10.1001/archderm.1947.01520120089009,,Archives of dermatology and syphilology,1947-12-01,['F AELLIS'],1947.0,['allergic']
Allergic cutaneous reaction produced by sulfasuxidine; recall of sulfathiazole dermatitis by orally administered succinylsulfathiazole.,,,Proceedings of the staff meetings. Honolulu. Clinic,1947-12-01,['H LARNOLD'],1947.0,['allergic']
[About a new way to fight allergic diseases].,,,Deutsche medizinische Rundschau; Monatsschrift mit arztlicher Akademie,1947-12-01,['WSCHULZ'],1947.0,['allergic']
Uterine bleeding with special reference to the functional type.,,,The Journal of the International College of Surgeons,1948-01-01,['ENOVAK'],1948.0,['menstrual cycle']
"Artificial reproduction of the cyclic changes in cervical mucus in human castrates, with clinical correlations.",,,"Western journal of surgery, obstetrics, and gynecology",1948-01-01,['A RABARBANEL'],1948.0,['menstrual cycle']
[The menstrual cycle of young girls in labor camps].,10.1007/BF01003606,,Archiv fur Gynakologie,1948-01-01,['H AMULLER'],1948.0,['menstrual cycle']
[Cycle problems and morning temperature].,10.1007/BF01003605,,Archiv fur Gynakologie,1948-01-01,['KTIETZE'],1948.0,['menstrual cycle']
[The consistency and sensitivity to pain of the mammary gland during the menstrual cycle and at the transition to the high mountains].,,,Helvetica physiologica et pharmacologica acta,1948-01-01,"['HSOMMER', 'KWIESINGER']",1948.0,"['menstrual cycle', 'breast pain']"
Oestrogenic and gonadotrophic substances in the urine from a woman with normal menstrual cycles and normal pregnancies; sex hormone analyses.,10.1530/acta.0.0010263,,Acta endocrinologica,1948-01-01,"['GPEDERSEN-BJERGAARD', 'KPEDERSEN-BJERGAARD']",1948.0,['menstrual cycle']
[Studies on the use of prostigmine for recognition of pregnancy and treatment of delayed menstruation].,,,Duodecim; laaketieteellinen aikakauskirja,1948-01-01,['OKINNUNEN'],1948.0,['menstrual cycle']
[Dysmenorrhoea].,,,Gazeta medica portuguesa,1948-01-01,['JDE MELLO DO REGO'],1948.0,"['menstrual cycle', 'irregular menstruation', 'dysmenorrhea', 'pelvic pain']"
[Effects of prostigmine on the rat's genital sphere].,,,Rivista italiana di ginecologia,1948-01-01,['AMARTELLA'],1948.0,['menstrual cycle']
"[Menstrual disorders; amenorrhea, hypomenorrhea, and oligomenorrhea].",,,Ginecologia y obstetricia de Mexico,1948-01-01,['MMATEOS FOURNIER'],1948.0,"['menstrual cycle', 'amenorrhea', 'irregular menstruation']"
[Head dreams and menstrual disorders].,,,Zeitschrift fur Geburtshilfe und Gynakologie,1948-01-01,['AMAYER'],1948.0,"['menstrual cycle', 'irregular menstruation']"
[Recent data on the physiology of abnormal menstruation].,,,Ceskoslovenska gynekologie,1948-01-01,['E DPLASS'],1948.0,"['menstrual cycle', 'irregular menstruation']"
[About breathing in the woman's menstrual cycle].,,,Pflugers Archiv fur die gesamte Physiologie des Menschen und der Tiere,1948-01-01,['IHEERHABER'],1948.0,['menstrual cycle']
The stem pessary in the management of primary dysmenorrhea.,,,Pennsylvania medical journal (1928),1948-01-01,"['E ASCHUMANN', 'M LMcCALL']",1948.0,"['irregular menstruation', 'dysmenorrhea', 'pelvic pain']"
[Investigation of drug therapy for amenorrhea].,,,Therapie der Gegenwart,1948-01-01,['WROSELER'],1948.0,"['irregular menstruation', 'amenorrhea']"
[Clinical diagnosis of amenorrhea].,,,Revista medica veracruzana,1948-01-01,['HROMO BOLAN'],1948.0,"['irregular menstruation', 'amenorrhea']"
[Investigations of functional amenorrhea under war conditions].,10.1007/BF00981190,,Archiv fur Gynakologie,1948-01-01,['FWALLAU'],1948.0,"['irregular menstruation', 'amenorrhea']"
[On the genesis and prognosis of emergency amenorrhea].,,,Zentralblatt fur Gynakologie,1948-01-01,['KTIETZE'],1948.0,"['irregular menstruation', 'amenorrhea']"
[Amenorrhoea treated by implantation of hormonal pellets].,,,Ceskoslovenska gynekologie,1948-01-01,['JBIRGUS'],1948.0,"['irregular menstruation', 'amenorrhea']"
Abnormal uterine bleeding.,,"The management of patients with abnormal uterine bleeding requires a logical, rational approach, and an awareness of etiologic factors. A careful history and examination should attempt to answer these questions: (1) Is the bleeding truly from the uterus? (2) Is the bleeding superimposed upon ovulatory cycles or (3) is the bleeding anovulatory? The endometrial biopsy obtained during the bleeding episode, and the basal temperature chart are diagnostically useful. Massive uterine bleeding not due to a complication of pregnancy, neoplasis, or blood dyscrasia, usually responds immediately to curettage, done in operating room or office; follow-up hormonal therapy with progesterone and a progestational agent should control the episode. More chronic forms of abnormal uterine bleeding are approached by identifying and treating the etiologic cause. If the cause is not correctable (e.g., obesity), most patients will respond satisfactorily to the cyclic administration of a progestational agent, or, if indicated, to induction of ovulation.",Pennsylvania medical journal (1928),1948-01-01,['E JBATEMAN'],1948.0,"['abnormal uterine bleeding', 'irregular menstruation', 'menorrhagia', 'heavy menstrual bleeding', 'breakthrough bleeding', 'intermenstrual bleeding', 'menstrual cycle', 'perimenopause', 'menopause hormone therapy', 'intrauterine device']"
Urinary excretion of oestrogenic substances and 17-ketosteroids in cases of metropathia haemorrhagica.,10.1530/acta.0.0010189,,Acta endocrinologica,1948-01-01,['MFURUHJELM'],1948.0,"['breakthrough bleeding', 'intermenstrual bleeding']"
Chemotherapy of infected urines in paraplegia.,10.1136/bmj.1.4542.146,,British medical journal,1948-01-24,['P T JWARNER'],1948.0,['urinary tract infection']
[A curious case of amicrobial pyuria].,,,Jornal do medico,1948-01-24,['JCASTELLO BRANCO E CASTRO'],1948.0,['urinary tract infection']
[Phytotherapy of bacteria].,,,Revue de phytotherapie,1948-01-01,['FDECAUX'],1948.0,['urinary tract infection']
Streptomycin in genito-urinary infections.,10.1016/S0022-5347(17)69349-2,,The Journal of urology,1948-01-01,"['C GBANDLER', 'P RROEN', 'V JMULAIRE']",1948.0,['urinary tract infection']
The treatment of Bacillus coli and Bacillus proteus infections of the urinary tract with a new sulfonamide (NU-445).,10.1016/S0022-5347(17)69348-0,,The Journal of urology,1948-01-01,['LNARINS'],1948.0,['urinary tract infection']
The treatment of E. coli urinary infections with sulfathalidine (phthalylsulfathiazole).,10.1016/S0022-5347(17)69347-9,,The Journal of urology,1948-01-01,"['H SEVERETT', 'G AVOSBERG', 'J MDAVIS']",1948.0,['urinary tract infection']
"[Amindan, a new sulfonamide preparation, and its use in urinary tract infections].",,,Zeitschrift fur Urologie,1948-01-01,['H AHEINSEN'],1948.0,['urinary tract infection']
[Urogenital tuberculosis with hydrocaverns of the kidney].,,,Zeitschrift fur Urologie,1948-01-01,['G WGUNTHER'],1948.0,['urinary tract infection']
"Pyuria in Finnish children, 1933-1945.",10.1111/j.1651-2227.1948.tb06786.x,,Acta paediatrica,1948-01-01,['PFORSSELL'],1948.0,['urinary tract infection']
[White blood cell examinations of female genital inflammation].,,,Annales chirurgiae et gynaecologiae Fenniae,1948-01-01,['JTARKIAINEN'],1948.0,['urinary tract infection']
An evaluation of antiseptic drugs and antibiotics in the treatment of infections of the urinary tract.,,,The West Virginia medical journal,1948-01-01,['A IDODSON'],1948.0,['urinary tract infection']
Vaginal discharge.,,,The Pharmaceutical journal,1948-01-17,['M MSHAW'],1948.0,"['vaginal pH', 'sexually transmitted infection']"
Cytological cycle of the urinary sediment and its parallelism with the vaginal cycle.,10.1210/jcem-8-1-76,,The Journal of clinical endocrinology and metabolism,1948-01-01,"['E BDEL CASTILLO', 'JARGONZ', 'CGALLI MAININI']",1948.0,['vaginal pH']
[Test in cultivating gonococcus and determination of Ph of vaginal secretion].,,,Ceskoslovenska gynekologie,1948-01-01,"['NoneTANOUSEK', 'NoneKRAUS']",1948.0,['vaginal pH']
The diagnosis and treatment of non-venereal vaginal discharges.,,,Modern treatment yearbook,1948-01-01,['R WKNOWLTON'],1948.0,['vaginal pH']
[Commissural myelotomy in neoplastic abdomino-pelvic pain].,,,Bulletin algerien de carcinologie,1948-01-01,['JMEGNIN'],1948.0,['pelvic pain']
Ovarian conservation during surgery; with reference to bilateral dermoids and endometriosis.,10.1056/NEJM194801152380303,,The New England journal of medicine,1948-01-15,['A ALevi'],1948.0,"['ovarian cyst', 'endometriosis']"
Cystic disease of the lung with report of a case.,10.1378/chest.14.1.115,,Diseases of the chest,1948-01-01,['P ATHEODOS'],1948.0,['ovarian cyst']
Dermoid cyst of left ovary.,,,Medical radiography and photography,1948-01-01,"['F HDECKER', 'C JHEIBERGER']",1948.0,['ovarian cyst']
Dermoid cyst of right ovary.,,,Medical radiography and photography,1948-01-01,"['SLARSON', 'W LMADDEN']",1948.0,['ovarian cyst']
Dermoid cysts of the ovary.,,"From 1965 to 1984, 105 cases of ovarian dermoid cysts have been diagnosed and treated at the First Clinic of Obstetrics and Gynecology, Catania University, Catania, Italy. The patients were aged between 9 and 70 years, with a higher frequency of dermoid cysts between 26 and 30 years (21.91%, 23 cases). In 0.95% (1 case) the patient was premenarchal, 84.76% (89 cases) in fertile age, and in 14.29 (15 cases) in menopause. 35.22% (37 cases) were nulliparous with an average of 31 years, and 64.76% (68 cases) pluriparous with an average age of 38.9 years. In 4.76% (5 cases) the patients had already been treated for dermoid cysts. The asymptomatic form occurred in 13.33% (14 cases), while in 9.52% (10 cases) of cases there was torsion of the cyst. In 89.53% (95 cases) the cyst was monolateral, double in the same ovary in 0.95% (1 cases), and bilateral in 9.52% (10 cases). Epithelial cancerous degeneration occurred in 1.95% of cases (2 cases). In 11.43% (12 cases) enucleation of the cyst was performed while in the other cases therapy was chosen in relation to age, parity, and associated gynecological pathology of the patients. The Authors compare their data with that in literature.",Medical radiography and photography,1948-01-01,['G PHECKEL'],1948.0,"['ovarian cyst', 'ovarian torsion']"
[Two cases of hemorrhage due to Corpus luteum cysts].,,,Duodecim; laaketieteellinen aikakauskirja,1948-01-01,['VTURTOLA'],1948.0,['ovarian cyst']
Pseudomucinous cystadenocarcinoma of left ovary.,,,"Quarterly bulletin. Northwestern University (Evanston, Ill.). Medical School",1948-01-01,"['GCAUSEY', 'J CMcCARTER']",1948.0,['ovarian cyst']
[Acute appendicitis and follicular cyst].,,,Boletn trimestral - Hospital de Vina del Mar,1948-01-01,['GDE LA CERDA'],1948.0,['ovarian cyst']
Corpus luteum cyst with positive Aschheim-Zondek test in urine; report of a case.,10.3109/00016344809159892,,Acta obstetricia et gynecologica Scandinavica,1948-01-01,['NCLEMETSEN'],1948.0,"['ovarian cyst', 'pregnancy test']"
[Diagnostic considerations on a case of follicular cyst].,,,Stomatologia,1948-01-01,['EBASILE'],1948.0,['ovarian cyst']
[A case of bone metaplasia of the cytogenous chorion of the endometrium].,,,Bulletin de l'Academie nationale de medecine,1948-01-06,"['PBROCQ', 'PFEYEL', 'ASLUCZEWSKI']",1948.0,['endometriosis']
A report on endometriosis.,,,The Grace Hospital bulletin,1948-01-01,['G SOLMSTED'],1948.0,['endometriosis']
The surgical aspects of endometriosis.,,,The Journal of the International College of Surgeons,1948-01-01,['V SCOUNSELLER'],1948.0,['endometriosis']
[Endometriosis distance from the uterus].,,,Anais brasileiros de ginecologia,1948-01-01,['CCORREA DA COSTA'],1948.0,['endometriosis']
[Endometriosis of the appendix].,,,Revista de ginecologia e d'obstetricia,1948-01-01,['L MMACHADO'],1948.0,['endometriosis']
[Endometriosis of the small intestine].,,,Lyon chirurgical,1948-01-01,['GCOTTE'],1948.0,['endometriosis']
Endometriosis; a review of the recent literature.,,,Manitoba medical review,1948-01-01,['DOSBORNE'],1948.0,['endometriosis']
[Endometriosis de vulva following a bullous drug eruption].,,,Dermatologica,1948-01-01,['GMIESCHER'],1948.0,['endometriosis']
[Contribution to the study of endometriosis in Mexico].,,,Ginecologia y obstetricia de Mexico,1948-01-01,['MMADRAZO BASAURI'],1948.0,['endometriosis']
[About a case of carcinoma of the Bartholin gland].,,,Zentralblatt fur Gynakologie,1948-01-01,['HLINDEN'],1948.0,['Bartholin cyst']
[Fibroadenoma of the breast].,,"n 856 female patients round opacities were found in mammography. In 58 patients of this group the pathological and histological results were known. 125 female patients had been examined more than three times. With these 183 fibroadenomas thus established, criteria were worked out facilitating the decision whether surgical intervention would be required or short-term control could be justified. In comparison with the benign opacities, these histologically confirmed carcinomas were examined according to clinical, thermographical and radiological criteria.",Prensa medica argentina,1948-01-02,['AANGEL ROSSI'],1948.0,"['fibroadenoma', 'breast cancer screening', 'mammography']"
Necrosis in multiple fibroadenomas of the breast following pregnancy and lactation; report of a case.,,,The Jefferson-Hillman hospital bulletin,1948-01-01,['W MSTUBBINS'],1948.0,['fibroadenoma']
[Telangiectasic undifferentiated carcinoma of the maxillary sinus; differential diagnosis between approx. simplex and endothelioma].,,,"Archivio italiano di otologia, rinologia e laringologia",1948-01-01,['EBOZZI'],1948.0,['breast cancer screening']
The prognostic significance of early diagnosis in breast cancer; a study of the early symptoms and their duration before the patients come under treatment.,10.3109/00016924809132539,,Acta radiologica,1948-01-01,['SKAAE'],1948.0,['breast cancer screening']
THE DIAGNOSIS OF EARLY BREAST CANCER.,,,California medicine,1948-01-01,['W DMcCarthy'],1948.0,['breast cancer screening']
[Soft heart and other cardiac symptoms of hypothyroidism].,,,Nordisk medicin,1948-01-09,['SAARSETH'],1948.0,['hypothyroidism']
[Ephyseal dysgenesis of infantile myxedema].,,,Paris medical,1948-01-03,"['RDEBRE', 'RMANDE', 'SABITBOL']",1948.0,['hypothyroidism']
Myxoedema papulosum.,,,The British journal of dermatology and syphilis,1948-01-01,"['BGREEN', 'WFREUDENTHAL']",1948.0,['hypothyroidism']
Cretinism.,10.1016/s0025-7125(16)35734-0,,The Medical clinics of North America,1948-01-01,['L MHURXTHAL'],1948.0,['hypothyroidism']
Endocrine therapy in diseases of the prostate gland.,10.1016/s0025-7125(16)35733-9,,The Medical clinics of North America,1948-01-01,['N JHECKEL'],1948.0,['hypothyroidism']
[About Myxedema Perniciosa].,,,Deutsches Archiv fur klinische Medizin,1948-01-01,"['HESSER', 'F ESCHMENGLER']",1948.0,['hypothyroidism']
[About the myxedema heart].,,,Virchows Archiv fur pathologische Anatomie und Physiologie und fur klinische Medizin,1948-01-01,"['WDOERR', 'KHOLLDACK']",1948.0,['hypothyroidism']
Struma lymphomatosa (Hashimoto's disease) report of a case.,,,The Journal of the International College of Surgeons,1948-01-01,"['E SSINAIKE', 'C HLAWRENCE', 'IZITMAN']",1948.0,"[""Hashimoto's thyroiditis""]"
Postmenopausal bleeding due to estrogen therapy.,,,Manitoba medical review,1948-01-01,['B DBEST'],1948.0,['menopause hormone therapy']
Granuloma inguinale of the vagina and cervix uteri with bone metastases.,10.1001/jama.1948.72890220006009,,Journal of the American Medical Association,1948-01-31,"['HPACKER', 'H BTURNER', 'A DDULANEY']",1948.0,['sexually transmitted infection']
[Reactivation to neo-gynergene in female blennorhagies].,,,Le Scalpel,1948-01-31,['LDEMILIE'],1948.0,['sexually transmitted infection']
Syphilis.,10.1056/NEJM194801292380505,,The New England journal of medicine,1948-01-29,['G MCRAWFORD'],1948.0,['sexually transmitted infection']
[False positive reactions to syphilis].,,,Paris medical,1948-01-24,['RDEMANCHE'],1948.0,['sexually transmitted infection']
[Dermatology and syphilis in 1947].,,,Paris medical,1948-01-24,"['F PMERKLEN', 'PDE GRACIANSKY']",1948.0,['sexually transmitted infection']
Syphilis.,10.1056/NEJM194801222380406,,The New England journal of medicine,1948-01-22,['G MCRAWFORD'],1948.0,['sexually transmitted infection']
[The anti-venereal disease in northern Europe].,,,Jornal do medico,1948-01-17,['MCARDIA'],1948.0,['sexually transmitted infection']
Syphilis.,10.1056/NEJM194801152380305,,The New England journal of medicine,1948-01-15,['G MCRAWFORD'],1948.0,['sexually transmitted infection']
[Lues maligned].,,,Klinische Medizin; osterreichische Zeitschrift fur wissenschaftliche und praktische Medizin,1948-01-15,['NoneMATRAS'],1948.0,['sexually transmitted infection']
[Bone marrow changes in the syphilis and during the combined Mapharsen bismuth treatment].,,,Klinische Medizin; osterreichische Zeitschrift fur wissenschaftliche und praktische Medizin,1948-01-15,"['HFLEISCHHACKER', 'HMICHEL']",1948.0,['sexually transmitted infection']
[The anatomical changes in syphilis in Venezuela].,,,Schweizerische medizinische Wochenschrift,1948-01-15,['RJAFFE'],1948.0,['sexually transmitted infection']
Streptomycin in the therapy of granuloma inguinale.,10.1001/jama.1948.02890190012004,,Journal of the American Medical Association,1948-01-10,"['H SKUPPERMAN', 'R BGREENBLATT', 'R BDIENST']",1948.0,['sexually transmitted infection']
[The future tasks of dermatological syphilidology in science and medicine].,,,Wiener klinische Wochenschrift,1948-01-09,['LARZT'],1948.0,['sexually transmitted infection']
[Treatment of recently acquired syphilis].,,,La Semana medica,1948-01-08,['J LCARRERA'],1948.0,['sexually transmitted infection']
Abortive syphilitic aortitis.,10.5694/j.1326-5377.1948.tb96861.x,,The Medical journal of Australia,1948-01-03,['CENGEL'],1948.0,['sexually transmitted infection']
The treatment of syphilis with penicillin.,,,"Abstracts. International Congress on Tropical Medicine and Malaria (4th : 1948 : Washington, D. C.)",1948-01-01,['J RHELLER'],1948.0,['sexually transmitted infection']
[Treatment of early syphilis with mapharsen].,,,Dermatologica,1948-01-01,['NoneSIMONS'],1948.0,['sexually transmitted infection']
[Treatment of condylomata acuminata with 25 o / o podophyllin ointment].,,,Dermatologica,1948-01-01,['NoneSIMONS'],1948.0,['sexually transmitted infection']
[Dermato-venereology and sulfonamide therapy].,,,Dermatologica,1948-01-01,['NoneEYKMAN-DOCKX'],1948.0,['sexually transmitted infection']
[About a case of endarteritis syphilitica of the small brain vessels after Nissl-Alzheimer].,,,Wiener Zeitschrift fur Nervenheilkunde und deren Grenzgebiete,1948-01-01,['WKRYSPIN-EXNER'],1948.0,['sexually transmitted infection']
[Blood intolerance].,,,Archiv fur Kinderheilkunde,1948-01-01,['BBROMAN'],1948.0,['sexually transmitted infection']
[For gonorrhea therapy].,,,Archiv fur Kinderheilkunde,1948-01-01,['NoneSKRZIPEK'],1948.0,['sexually transmitted infection']
Penicillin in the treatment of cardiovascular syphilis.,,,Modern concepts of cardiovascular disease,1948-01-01,"['C EKOSSMANN', 'GFLAUM']",1948.0,['sexually transmitted infection']
A present-day concept of the treatment of cardiovascular syphilis.,,,American practitioner and digest of treatment,1948-01-01,['R SCOSBY'],1948.0,['sexually transmitted infection']
The roentgenologic diagnosis of syphilitic cardiovascular disease.,,,American practitioner and digest of treatment,1948-01-01,"['M CTHORNER', 'R ACARTER']",1948.0,['sexually transmitted infection']
The early diagnosis of syphilitic aortitis.,,,American practitioner and digest of treatment,1948-01-01,['G CGRIFFITH'],1948.0,['sexually transmitted infection']
Lymphogranuloma venereum; observations on 388 patients at Bellevue Hospital.,10.1001/archderm.1948.01520130115010,,Archives of dermatology and syphilology,1948-01-01,"['M JCOSTELLO', ""C SD'AVANZO""]",1948.0,['sexually transmitted infection']
The 100-day experiment in contact investigation in Arkansas.,,,The Journal of venereal disease information,1948-01-01,"['E JEASLEY', 'G EPARKHURST', 'R RSWANK']",1948.0,['sexually transmitted infection']
Status of contact investigation; an evaluation of data from state and local health areas.,,,The Journal of venereal disease information,1948-01-01,"['A PISKRANT', 'J WRION']",1948.0,['sexually transmitted infection']
Statistical indices used in the evaluation of syphilis contact investigation.,,,The Journal of venereal disease information,1948-01-01,"['A PISKRANT', 'H AKAHN']",1948.0,['sexually transmitted infection']
"Experimental mouse syphilis, a critical review of the literature.",,,"American journal of syphilis, gonorrhea, and venereal diseases",1948-01-01,"['BGUEFT', 'P DROSAHN']",1948.0,['sexually transmitted infection']
The effectiveness in experimental syphilis of penicillin in peanut oil-beeswax given in 16 daily injections.,,,"American journal of syphilis, gonorrhea, and venereal diseases",1948-01-01,"['W LFLEMING', 'M WHOLCOMBE']",1948.0,['sexually transmitted infection']
The effect of antisyphilitic treatment on the microscopic appearance of syphilitic aortitis.,,,"American journal of syphilis, gonorrhea, and venereal diseases",1948-01-01,"['BWEBSTER', 'G GREADER']",1948.0,['sexually transmitted infection']
[Notable infamous cases of infancy].,,,Archiv fur Kinderheilkunde,1948-01-01,['HSTOSSBERG'],1948.0,['sexually transmitted infection']
[The development of gonorrhea penicillin treatment and gonorrhea gonorrhea penicillin treatment].,,,Archiv fur Kinderheilkunde,1948-01-01,['WSCHONFELD'],1948.0,['sexually transmitted infection']
"PENICILLIN treatment of primary, secondary and early latent syphilis.",,,Bulletin. Vancouver Medical Association,1948-01-01,[],1948.0,['sexually transmitted infection']
[Homoeopathic treatment of hereditary syphilis and distant hereditary specificity].,,,L' Homeopathie francaise,1948-01-01,['LVANNIER'],1948.0,['sexually transmitted infection']
[Congenital syphilis].,,"Four infants with Lues connata, three with the early stage of the disease (patients 1-3), are reported. Diagnosis was made after exclusion of other diseases. Initially an infectious disease was expected, since anemia, leucocytosis, thrombocytopenia, hepatomegaly and/or splenomegaly and a bad condition were found. In two patients bone structure was abnormal. Elevated serum concentrations of liver enzymes (ALAT, ASAT) were the indication for liver biopsy in one patient, in whom an accompanying hepatitis was diagnosed. Treatment was performed with penicillin, no JARISCH-HERXHEIMER reaction was observed. The Lues tests were negative during pregnancy but a displacental transfer of pathogenic agents could be assumed. Patient 4 was diagnosed at 9 months of age. Infection of the mother probably occurred in the last 6 weeks of pregnancy. It can not be decided if the baby has a connatal or acquired Lues. The titer decrease of the CMT-test after the end of the penicillin therapy is a marker for a successful treatment. If treatment was started at 2 years of age a total clinical recovery can be expected. The case reports demonstrate that negative Lues test during pregnancy do not exclude Lues connata in newborns. The Lues diagnosis should be considered if an infectious disease in a newborn can not be diagnosed. A general Lues serodiagnostic test is recommended in all newborns before they leave the obstetrics department.",Boletin medico del Hospital Infantil de Mexico,1948-01-01,[],1948.0,"['sexually transmitted infection', 'pregnancy test']"
[Aspects of the congenital luis].,,,Boletin medico del Hospital Infantil de Mexico,1948-01-01,"['LBENAVIDES VAZQUEZ', 'ESILLER']",1948.0,['sexually transmitted infection']
UMT experimental unit VD rates.,,,"Medical bulletin. United States. Army. Army, 1st",1948-01-01,[],1948.0,['sexually transmitted infection']
A case of ecthymatous variety of syphilitic rash.,,,The Antiseptic,1948-01-01,['T NSINGH'],1948.0,['sexually transmitted infection']
[Urethral exudate and filaments in the urine in blenorrhagic subjects].,,,Il Dermosifilografo,1948-01-01,['LCORICCIATI'],1948.0,['sexually transmitted infection']
"Syphilis, a bane of mankind.",,,South African nursing journal. Suid-Afrikaanse verplegingstydskrif,1948-01-01,['HMacCARTHY'],1948.0,['sexually transmitted infection']
[A case of delayed and overdue syphilis].,,,Revue de medecine navale (metropole et outre-mer); travaux scientifiques des medecins et pharmaciens-chimistes de la marine,1948-01-01,['NoneGAUTRON'],1948.0,['sexually transmitted infection']
[About gonococcal culture and its importance for gonorrhea clinic].,,,Klinische Wochenschrift,1948-01-01,['NoneMULHENS'],1948.0,['sexually transmitted infection']
"[Combating venereal diseases; Sexual science; Review of literature, September 1944 to October 1946].",,,Dermatologica,1948-01-01,['F SNOHARA'],1948.0,['sexually transmitted infection']
"[Ulcus molle, inguinal lymphogranuloma and non-venous urogenital affections; Review of literature, September 1944 to October 1946].",,,Dermatologica,1948-01-01,['F SNOHARA'],1948.0,['sexually transmitted infection']
"[Gonorrhea; Review of literature, September 1944 to October 1946].",,,Dermatologica,1948-01-01,['F SNOHARA'],1948.0,['sexually transmitted infection']
[Penicillin treatment for syphilis].,,,Dermatologica,1948-01-01,['RSCHUPPLI'],1948.0,['sexually transmitted infection']
[Treatment and cure of primary and secondary syphilis with bismuth].,,,Laval medical,1948-01-01,['EGAUMOND'],1948.0,['sexually transmitted infection']
[Luteal aetiology of gastroduodenal ulcer].,,,Revista espanola de las enfermedades del aparato digestivo y de la nutricion,1948-01-01,['TCARRO'],1948.0,['sexually transmitted infection']
Serodiagnosis in syphilis.,,,Texas state journal of medicine,1948-01-01,['R HKAMPMEIER'],1948.0,['sexually transmitted infection']
[Treatment and recent syphilis in Nancy from May 1946 to May 1947].,,,Revue medicale de Nancy,1948-01-01,"['JWATRIN', 'JLESURE']",1948.0,['sexually transmitted infection']
[Syphilitic chancre of the chin].,,,Maroc medical,1948-01-01,['PLALU'],1948.0,['sexually transmitted infection']
[Penicillotherapy and subtosan in the treatment of gonorrhea].,,,Maroc medical,1948-01-01,['NoneLE LOUTRE'],1948.0,['sexually transmitted infection']
[Incidence of penicillin failures in female gonorrhea using cultural gonococcal evidence].,,,Gynaecologia. International monthly review of obstetrics and gynecology. Revue internationale mensuelle d'obstetrique et de gynecologie. Monatsschrift fur Geburtshilfe und Gynakologie,1948-01-01,['HKIPFER'],1948.0,['sexually transmitted infection']
The effectiveness of the venereal disease control program in Connecticut.,,,Connecticut health bulletin,1948-01-01,['WBENEDICT'],1948.0,['sexually transmitted infection']
[The situation in Germany].,,,La Prophylaxie antivenerienne,1948-01-01,['AVON ZAHN-HARNACK'],1948.0,['sexually transmitted infection']
[Administrative internment for medical reasons].,,,La Prophylaxie antivenerienne,1948-01-01,['NoneHALTER'],1948.0,['sexually transmitted infection']
[Compulsory treatment of venereal diseases in Belgium].,,,La Prophylaxie antivenerienne,1948-01-01,['NoneHALTER'],1948.0,['sexually transmitted infection']
[The anti-venereal fight in Czechoslovakia].,,,La Prophylaxie antivenerienne,1948-01-01,['JVOTAVA'],1948.0,['sexually transmitted infection']
[Compulsory treatment of venereal diseases in France].,,,La Prophylaxie antivenerienne,1948-01-01,['NoneLAVOINE'],1948.0,['sexually transmitted infection']
[Forty years of compulsory treatment from Denmark].,,,La Prophylaxie antivenerienne,1948-01-01,['GHARTMANN'],1948.0,['sexually transmitted infection']
[Compulsory treatment of venereal diseases].,,,La Prophylaxie antivenerienne,1948-01-01,['A MHUNTER'],1948.0,['sexually transmitted infection']
[Mating and transmission of infectious diseases; prophylaxis of venereal diseases by artificial insemination].,,,Revue de pathologie comparee,1948-01-01,['MBERTHELON'],1948.0,['sexually transmitted infection']
Cirrhosis accompanying the gummata.,,,Journal of the Medical Association of the State of Alabama,1948-01-01,"['PBURLESON', 'J BMcLESTER']",1948.0,['sexually transmitted infection']
Streptomycin therapy in granuloma inguinale.,,,Medical bulletin. United States. Army. Forces in the European Theater. Office of the Theater Chief Surgeon,1948-01-01,['P F DSEITZ'],1948.0,['sexually transmitted infection']
Measures and organization for combating VD among German civilians.,,,Medical bulletin. United States. Army. Forces in the European Theater. Office of the Theater Chief Surgeon,1948-01-01,['TPOPOVICH'],1948.0,['sexually transmitted infection']
REPORT of studies in gonococcal and non-gonococcal urethritis.,,,Medical bulletin. United States. Army. Forces in the European Theater. Office of the Theater Chief Surgeon,1948-01-01,[],1948.0,['sexually transmitted infection']
Unilateral syphilitic primary atrophy of the optic nerves; an anatomic study of two cases.,10.1001/archopht.1948.00900020083008,,"Archives of ophthalmology (Chicago, Ill. : 1929)",1948-01-01,['W LBRUETSCH'],1948.0,['sexually transmitted infection']
Ion transfer of penicillin; efficacy of penicillin iontophoresis in treatment of chancroidal ulcers.,,,United States naval medical bulletin,1948-01-01,['A JPEREYRA'],1948.0,['sexually transmitted infection']
Hepatic amebiasis.,,,United States naval medical bulletin,1948-01-01,"['H J FKULLMAN', 'HGOLDEN']",1948.0,['sexually transmitted infection']
Treatment of syphilis with penicillin.,,,Bulletin of venereal diseases,1948-01-01,['E WTHOMAS'],1948.0,['sexually transmitted infection']
Clinical variations of primary syphilis.,,,The Ohio State medical journal,1948-01-01,['I LSCHONBERG'],1948.0,['sexually transmitted infection']
Modern treatment of syphilis including a discussion of penicillin reactions and their therapy.,,,The Merck report,1948-01-01,"['H TBEHRMAN', 'IMILBERG']",1948.0,['sexually transmitted infection']
Syphilis; a review of the recent literature.,10.1001/archinte.1948.00220190093008,,"Archives of internal medicine (Chicago, Ill. : 1908)",1948-01-01,"['F WREYNOLDS', 'J EMOORE']",1948.0,['sexually transmitted infection']
Preliminary report on the use of cardiolipin antigens in the serodiagnosis of syphilis at Santa Rosa Hospital.,,,The American journal of medical technology,1948-01-01,['P DSHAW'],1948.0,['sexually transmitted infection']
"Studies in serum electrolytes; the calcium-binding property of the serum proteins (multiple myeloma, lymphogranuloma venereum and sarcoidosis.",,,The Journal of clinical investigation,1948-01-01,"['A JRAWSON', 'F WSUNDERMAN']",1948.0,['sexually transmitted infection']
[Gonorrheal infection and Trichomonas vaginalis].,,,Ceskoslovenska gynekologie,1948-01-01,"['NonePETER', 'NoneFLASKA']",1948.0,['sexually transmitted infection']
Fractional protein determination in spinal fluid in various stages of syphilis.,,,Acta dermato-venereologica,1948-01-01,['C HFLODEN'],1948.0,['sexually transmitted infection']
Atypical gonococcal strains.,,,Acta dermato-venereologica,1948-01-01,['AREYN'],1948.0,['sexually transmitted infection']
Renal complications in combined fever-sulphathiazol treatment of gonorrhoea.,,,Acta dermato-venereologica,1948-01-01,['ORIISFELDT'],1948.0,['sexually transmitted infection']
On the factors causing recurrence after penicillin treatment of gonorrhoea.,,,Acta dermato-venereologica,1948-01-01,['GHAGERMANN'],1948.0,['sexually transmitted infection']
Investigations of the in vitro resistance of gonococcal strains.,,,Acta dermato-venereologica,1948-01-01,['JBANG'],1948.0,['sexually transmitted infection']
[INTERNATIONAL union for control of venereal diseases].,,,Bulgarska klinika,1948-01-01,[],1948.0,['sexually transmitted infection']
[Combined penicillin and sulfanilamide treatment of gonorrhea in girls].,,,Vestnik venerologii i dermatologii,1948-01-01,['E NTURANOVA'],1948.0,['sexually transmitted infection']
[Oral penicillin treatment of gonorrhea].,,,Vestnik venerologii i dermatologii,1948-01-01,"['I MPORUDOMINSKY', 'G LZULUCKY']",1948.0,['sexually transmitted infection']
[Mapharsen treatment of syphilis].,,,Vestnik venerologii i dermatologii,1948-01-01,"['A AAKOVBIAN', 'A AFILATOVA']",1948.0,['sexually transmitted infection']
[Syphilis treatment by massive dosage].,,,Vestnik venerologii i dermatologii,1948-01-01,"['KDAHAFAROV', 'GJAGUBOV']",1948.0,['sexually transmitted infection']
[Remote results of arsenoxide and novarsenol treatment of acute contagious forms of syphilis].,,,Vestnik venerologii i dermatologii,1948-01-01,['V PMEMORSKY'],1948.0,['sexually transmitted infection']
[Treatment of syphilis with arsenoxides].,,,Vestnik venerologii i dermatologii,1948-01-01,['M SKAPLUN'],1948.0,['sexually transmitted infection']
[Continuous intensive method in treatment of primary syphilis].,,,Vestnik venerologii i dermatologii,1948-01-01,"['A SZENIN', 'B AELMAN']",1948.0,['sexually transmitted infection']
[The humoral blood count in the course of syphilis].,,,Archiv fur Dermatologie und Syphilis,1948-01-01,"['ALINKE', 'ADRASSDO']",1948.0,['sexually transmitted infection']
[Studies on congenital lice in Finland].,10.1111/j.1651-2227.1948.tb06799.x,,Acta paediatrica,1948-01-01,"['BLANDTMAN', 'TSALMI']",1948.0,['sexually transmitted infection']
[About a case of vascular syphilis of the spinal cord].,,,Wiener Zeitschrift fur Nervenheilkunde und deren Grenzgebiete,1948-01-01,['HTSCHABITSCHER'],1948.0,['sexually transmitted infection']
[Observations on gonococcal culture].,,,Duodecim; laaketieteellinen aikakauskirja,1948-01-01,['M ETAKALA'],1948.0,['sexually transmitted infection']
